DATAFLOW,freq,tenure,indic_il,unit,sex,age,geo,TIME_PERIOD,OBS_VALUE,OBS_FLAG
ESTAT:ILC_DI09(1.0),A,TOTAL,MEI_E,EUR,T,TOTAL,AL,2017,2143,
ESTAT:ILC_DI09(1.0),A,TOTAL,MEI_E,EUR,T,TOTAL,AL,2018,2339,
ESTAT:ILC_DI09(1.0),A,TOTAL,MEI_E,EUR,T,TOTAL,AL,2019,2619,
ESTAT:ILC_DI09(1.0),A,TOTAL,MEI_E,EUR,T,TOTAL,AT,2010,23576,
ESTAT:ILC_DI09(1.0),A,TOTAL,MEI_E,EUR,T,TOTAL,AT,2011,23922,
ESTAT:ILC_DI09(1.0),A,TOTAL,MEI_E,EUR,T,TOTAL,AT,2012,24423,
ESTAT:ILC_DI09(1.0),A,TOTAL,MEI_E,EUR,T,TOTAL,AT,2013,24366,
ESTAT:ILC_DI09(1.0),A,TOTAL,MEI_E,EUR,T,TOTAL,AT,2014,26080,
ESTAT:ILC_DI09(1.0),A,TOTAL,MEI_E,EUR,T,TOTAL,AT,2015,25958,
ESTAT:ILC_DI09(1.0),A,TOTAL,MEI_E,EUR,T,TOTAL,AT,2016,26054,
ESTAT:ILC_DI09(1.0),A,TOTAL,MEI_E,EUR,T,TOTAL,AT,2017,27629,
ESTAT:ILC_DI09(1.0),A,TOTAL,MEI_E,EUR,T,TOTAL,AT,2018,27804,
ESTAT:ILC_DI09(1.0),A,TOTAL,MEI_E,EUR,T,TOTAL,AT,2019,28568,
ESTAT:ILC_DI09(1.0),A,TOTAL,MEI_E,EUR,T,TOTAL,BE,2010,21353,
ESTAT:ILC_DI09(1.0),A,TOTAL,MEI_E,EUR,T,TOTAL,BE,2011,21628,
ESTAT:ILC_DI09(1.0),A,TOTAL,MEI_E,EUR,T,TOTAL,BE,2012,21897,
ESTAT:ILC_DI09(1.0),A,TOTAL,MEI_E,EUR,T,TOTAL,BE,2013,23281,
ESTAT:ILC_DI09(1.0),A,TOTAL,MEI_E,EUR,T,TOTAL,BE,2014,23432,
ESTAT:ILC_DI09(1.0),A,TOTAL,MEI_E,EUR,T,TOTAL,BE,2015,23673,
ESTAT:ILC_DI09(1.0),A,TOTAL,MEI_E,EUR,T,TOTAL,BE,2016,24264,
ESTAT:ILC_DI09(1.0),A,TOTAL,MEI_E,EUR,T,TOTAL,BE,2017,24399,
ESTAT:ILC_DI09(1.0),A,TOTAL,MEI_E,EUR,T,TOTAL,BE,2018,25196,
ESTAT:ILC_DI09(1.0),A,TOTAL,MEI_E,EUR,T,TOTAL,BE,2019,26275,b
ESTAT:ILC_DI09(1.0),A,TOTAL,MEI_E,EUR,T,TOTAL,BG,2010,3498,
ESTAT:ILC_DI09(1.0),A,TOTAL,MEI_E,EUR,T,TOTAL,BG,2011,3429,
ESTAT:ILC_DI09(1.0),A,TOTAL,MEI_E,EUR,T,TOTAL,BG,2012,3276,
ESTAT:ILC_DI09(1.0),A,TOTAL,MEI_E,EUR,T,TOTAL,BG,2013,3509,
ESTAT:ILC_DI09(1.0),A,TOTAL,MEI_E,EUR,T,TOTAL,BG,2014,3907,
ESTAT:ILC_DI09(1.0),A,TOTAL,MEI_E,EUR,T,TOTAL,BG,2015,4093,
ESTAT:ILC_DI09(1.0),A,TOTAL,MEI_E,EUR,T,TOTAL,BG,2016,3857,b
ESTAT:ILC_DI09(1.0),A,TOTAL,MEI_E,EUR,T,TOTAL,BG,2017,4598,
ESTAT:ILC_DI09(1.0),A,TOTAL,MEI_E,EUR,T,TOTAL,BG,2018,4644,
ESTAT:ILC_DI09(1.0),A,TOTAL,MEI_E,EUR,T,TOTAL,BG,2019,5551,
ESTAT:ILC_DI09(1.0),A,TOTAL,MEI_E,EUR,T,TOTAL,CH,2010,35243,
ESTAT:ILC_DI09(1.0),A,TOTAL,MEI_E,EUR,T,TOTAL,CH,2011,39048,
ESTAT:ILC_DI09(1.0),A,TOTAL,MEI_E,EUR,T,TOTAL,CH,2012,44502,
ESTAT:ILC_DI09(1.0),A,TOTAL,MEI_E,EUR,T,TOTAL,CH,2013,46479,
ESTAT:ILC_DI09(1.0),A,TOTAL,MEI_E,EUR,T,TOTAL,CH,2014,44397,b
ESTAT:ILC_DI09(1.0),A,TOTAL,MEI_E,EUR,T,TOTAL,CH,2015,45432,
ESTAT:ILC_DI09(1.0),A,TOTAL,MEI_E,EUR,T,TOTAL,CH,2016,50859,
ESTAT:ILC_DI09(1.0),A,TOTAL,MEI_E,EUR,T,TOTAL,CH,2017,50461,
ESTAT:ILC_DI09(1.0),A,TOTAL,MEI_E,EUR,T,TOTAL,CH,2018,49607,
ESTAT:ILC_DI09(1.0),A,TOTAL,MEI_E,EUR,T,TOTAL,CH,2019,47622,
ESTAT:ILC_DI09(1.0),A,TOTAL,MEI_E,EUR,T,TOTAL,CY,2010,18929,
ESTAT:ILC_DI09(1.0),A,TOTAL,MEI_E,EUR,T,TOTAL,CY,2011,19621,
ESTAT:ILC_DI09(1.0),A,TOTAL,MEI_E,EUR,T,TOTAL,CY,2012,20218,
ESTAT:ILC_DI09(1.0),A,TOTAL,MEI_E,EUR,T,TOTAL,CY,2013,19426,
ESTAT:ILC_DI09(1.0),A,TOTAL,MEI_E,EUR,T,TOTAL,CY,2014,18418,
ESTAT:ILC_DI09(1.0),A,TOTAL,MEI_E,EUR,T,TOTAL,CY,2015,16944,
ESTAT:ILC_DI09(1.0),A,TOTAL,MEI_E,EUR,T,TOTAL,CY,2016,16943,
ESTAT:ILC_DI09(1.0),A,TOTAL,MEI_E,EUR,T,TOTAL,CY,2017,17218,
ESTAT:ILC_DI09(1.0),A,TOTAL,MEI_E,EUR,T,TOTAL,CY,2018,17582,
ESTAT:ILC_DI09(1.0),A,TOTAL,MEI_E,EUR,T,TOTAL,CY,2019,19302,
ESTAT:ILC_DI09(1.0),A,TOTAL,MEI_E,EUR,T,TOTAL,CZ,2010,7981,
ESTAT:ILC_DI09(1.0),A,TOTAL,MEI_E,EUR,T,TOTAL,CZ,2011,8440,
ESTAT:ILC_DI09(1.0),A,TOTAL,MEI_E,EUR,T,TOTAL,CZ,2012,8765,
ESTAT:ILC_DI09(1.0),A,TOTAL,MEI_E,EUR,T,TOTAL,CZ,2013,8695,
ESTAT:ILC_DI09(1.0),A,TOTAL,MEI_E,EUR,T,TOTAL,CZ,2014,8600,
ESTAT:ILC_DI09(1.0),A,TOTAL,MEI_E,EUR,T,TOTAL,CZ,2015,8345,
ESTAT:ILC_DI09(1.0),A,TOTAL,MEI_E,EUR,T,TOTAL,CZ,2016,8808,
ESTAT:ILC_DI09(1.0),A,TOTAL,MEI_E,EUR,T,TOTAL,CZ,2017,9282,
ESTAT:ILC_DI09(1.0),A,TOTAL,MEI_E,EUR,T,TOTAL,CZ,2018,10098,
ESTAT:ILC_DI09(1.0),A,TOTAL,MEI_E,EUR,T,TOTAL,CZ,2019,11068,
ESTAT:ILC_DI09(1.0),A,TOTAL,MEI_E,EUR,T,TOTAL,DE,2010,21470,
ESTAT:ILC_DI09(1.0),A,TOTAL,MEI_E,EUR,T,TOTAL,DE,2011,21549,
ESTAT:ILC_DI09(1.0),A,TOTAL,MEI_E,EUR,T,TOTAL,DE,2012,22022,
ESTAT:ILC_DI09(1.0),A,TOTAL,MEI_E,EUR,T,TOTAL,DE,2013,22471,
ESTAT:ILC_DI09(1.0),A,TOTAL,MEI_E,EUR,T,TOTAL,DE,2014,22540,
ESTAT:ILC_DI09(1.0),A,TOTAL,MEI_E,EUR,T,TOTAL,DE,2015,23499,
ESTAT:ILC_DI09(1.0),A,TOTAL,MEI_E,EUR,T,TOTAL,DE,2016,24020,
ESTAT:ILC_DI09(1.0),A,TOTAL,MEI_E,EUR,T,TOTAL,DE,2017,24780,
ESTAT:ILC_DI09(1.0),A,TOTAL,MEI_E,EUR,T,TOTAL,DE,2018,25882,
ESTAT:ILC_DI09(1.0),A,TOTAL,MEI_E,EUR,T,TOTAL,DE,2019,26105,
ESTAT:ILC_DI09(1.0),A,TOTAL,MEI_E,EUR,T,TOTAL,DK,2010,26915,
ESTAT:ILC_DI09(1.0),A,TOTAL,MEI_E,EUR,T,TOTAL,DK,2011,29377,b
ESTAT:ILC_DI09(1.0),A,TOTAL,MEI_E,EUR,T,TOTAL,DK,2012,29701,
ESTAT:ILC_DI09(1.0),A,TOTAL,MEI_E,EUR,T,TOTAL,DK,2013,30081,
ESTAT:ILC_DI09(1.0),A,TOTAL,MEI_E,EUR,T,TOTAL,DK,2014,31106,
ESTAT:ILC_DI09(1.0),A,TOTAL,MEI_E,EUR,T,TOTAL,DK,2015,31518,
ESTAT:ILC_DI09(1.0),A,TOTAL,MEI_E,EUR,T,TOTAL,DK,2016,32144,
ESTAT:ILC_DI09(1.0),A,TOTAL,MEI_E,EUR,T,TOTAL,DK,2017,32798,
ESTAT:ILC_DI09(1.0),A,TOTAL,MEI_E,EUR,T,TOTAL,DK,2018,33760,
ESTAT:ILC_DI09(1.0),A,TOTAL,MEI_E,EUR,T,TOTAL,DK,2019,34336,
ESTAT:ILC_DI09(1.0),A,TOTAL,MEI_E,EUR,T,TOTAL,EE,2010,6779,
ESTAT:ILC_DI09(1.0),A,TOTAL,MEI_E,EUR,T,TOTAL,EE,2011,6571,
ESTAT:ILC_DI09(1.0),A,TOTAL,MEI_E,EUR,T,TOTAL,EE,2012,7117,
ESTAT:ILC_DI09(1.0),A,TOTAL,MEI_E,EUR,T,TOTAL,EE,2013,7846,
ESTAT:ILC_DI09(1.0),A,TOTAL,MEI_E,EUR,T,TOTAL,EE,2014,8820,b
ESTAT:ILC_DI09(1.0),A,TOTAL,MEI_E,EUR,T,TOTAL,EE,2015,9490,
ESTAT:ILC_DI09(1.0),A,TOTAL,MEI_E,EUR,T,TOTAL,EE,2016,10102,
ESTAT:ILC_DI09(1.0),A,TOTAL,MEI_E,EUR,T,TOTAL,EE,2017,10701,
ESTAT:ILC_DI09(1.0),A,TOTAL,MEI_E,EUR,T,TOTAL,EE,2018,11746,
ESTAT:ILC_DI09(1.0),A,TOTAL,MEI_E,EUR,T,TOTAL,EE,2019,12780,
ESTAT:ILC_DI09(1.0),A,TOTAL,MEI_E,EUR,T,TOTAL,EL,2010,13974,
ESTAT:ILC_DI09(1.0),A,TOTAL,MEI_E,EUR,T,TOTAL,EL,2011,12626,
ESTAT:ILC_DI09(1.0),A,TOTAL,MEI_E,EUR,T,TOTAL,EL,2012,10676,
ESTAT:ILC_DI09(1.0),A,TOTAL,MEI_E,EUR,T,TOTAL,EL,2013,9303,
ESTAT:ILC_DI09(1.0),A,TOTAL,MEI_E,EUR,T,TOTAL,EL,2014,8879,
ESTAT:ILC_DI09(1.0),A,TOTAL,MEI_E,EUR,T,TOTAL,EL,2015,8683,
ESTAT:ILC_DI09(1.0),A,TOTAL,MEI_E,EUR,T,TOTAL,EL,2016,8673,
ESTAT:ILC_DI09(1.0),A,TOTAL,MEI_E,EUR,T,TOTAL,EL,2017,8800,
ESTAT:ILC_DI09(1.0),A,TOTAL,MEI_E,EUR,T,TOTAL,EL,2018,9034,
ESTAT:ILC_DI09(1.0),A,TOTAL,MEI_E,EUR,T,TOTAL,EL,2019,9382,
ESTAT:ILC_DI09(1.0),A,TOTAL,MEI_E,EUR,T,TOTAL,ES,2010,16922,
ESTAT:ILC_DI09(1.0),A,TOTAL,MEI_E,EUR,T,TOTAL,ES,2011,16280,
ESTAT:ILC_DI09(1.0),A,TOTAL,MEI_E,EUR,T,TOTAL,ES,2012,16119,
ESTAT:ILC_DI09(1.0),A,TOTAL,MEI_E,EUR,T,TOTAL,ES,2013,15635,
ESTAT:ILC_DI09(1.0),A,TOTAL,MEI_E,EUR,T,TOTAL,ES,2014,15405,
ESTAT:ILC_DI09(1.0),A,TOTAL,MEI_E,EUR,T,TOTAL,ES,2015,15408,
ESTAT:ILC_DI09(1.0),A,TOTAL,MEI_E,EUR,T,TOTAL,ES,2016,15842,
ESTAT:ILC_DI09(1.0),A,TOTAL,MEI_E,EUR,T,TOTAL,ES,2017,16390,
ESTAT:ILC_DI09(1.0),A,TOTAL,MEI_E,EUR,T,TOTAL,ES,2018,16937,
ESTAT:ILC_DI09(1.0),A,TOTAL,MEI_E,EUR,T,TOTAL,ES,2019,17287,
ESTAT:ILC_DI09(1.0),A,TOTAL,MEI_E,EUR,T,TOTAL,FI,2010,23528,
ESTAT:ILC_DI09(1.0),A,TOTAL,MEI_E,EUR,T,TOTAL,FI,2011,24150,
ESTAT:ILC_DI09(1.0),A,TOTAL,MEI_E,EUR,T,TOTAL,FI,2012,25148,
ESTAT:ILC_DI09(1.0),A,TOTAL,MEI_E,EUR,T,TOTAL,FI,2013,25901,
ESTAT:ILC_DI09(1.0),A,TOTAL,MEI_E,EUR,T,TOTAL,FI,2014,26130,
ESTAT:ILC_DI09(1.0),A,TOTAL,MEI_E,EUR,T,TOTAL,FI,2015,26240,
ESTAT:ILC_DI09(1.0),A,TOTAL,MEI_E,EUR,T,TOTAL,FI,2016,26379,
ESTAT:ILC_DI09(1.0),A,TOTAL,MEI_E,EUR,T,TOTAL,FI,2017,26689,
ESTAT:ILC_DI09(1.0),A,TOTAL,MEI_E,EUR,T,TOTAL,FI,2018,27389,
ESTAT:ILC_DI09(1.0),A,TOTAL,MEI_E,EUR,T,TOTAL,FI,2019,28061,
ESTAT:ILC_DI09(1.0),A,TOTAL,MEI_E,EUR,T,TOTAL,FR,2010,23421,
ESTAT:ILC_DI09(1.0),A,TOTAL,MEI_E,EUR,T,TOTAL,FR,2011,23882,
ESTAT:ILC_DI09(1.0),A,TOTAL,MEI_E,EUR,T,TOTAL,FR,2012,24499,
ESTAT:ILC_DI09(1.0),A,TOTAL,MEI_E,EUR,T,TOTAL,FR,2013,24713,
ESTAT:ILC_DI09(1.0),A,TOTAL,MEI_E,EUR,T,TOTAL,FR,2014,24613,
ESTAT:ILC_DI09(1.0),A,TOTAL,MEI_E,EUR,T,TOTAL,FR,2015,24982,
ESTAT:ILC_DI09(1.0),A,TOTAL,MEI_E,EUR,T,TOTAL,FR,2016,25278,
ESTAT:ILC_DI09(1.0),A,TOTAL,MEI_E,EUR,T,TOTAL,FR,2017,25286,
ESTAT:ILC_DI09(1.0),A,TOTAL,MEI_E,EUR,T,TOTAL,FR,2018,25379,
ESTAT:ILC_DI09(1.0),A,TOTAL,MEI_E,EUR,T,TOTAL,FR,2019,26210,
ESTAT:ILC_DI09(1.0),A,TOTAL,MEI_E,EUR,T,TOTAL,HR,2010,6622,
ESTAT:ILC_DI09(1.0),A,TOTAL,MEI_E,EUR,T,TOTAL,HR,2011,6217,
ESTAT:ILC_DI09(1.0),A,TOTAL,MEI_E,EUR,T,TOTAL,HR,2012,5988,
ESTAT:ILC_DI09(1.0),A,TOTAL,MEI_E,EUR,T,TOTAL,HR,2013,5817,
ESTAT:ILC_DI09(1.0),A,TOTAL,MEI_E,EUR,T,TOTAL,HR,2014,5799,
ESTAT:ILC_DI09(1.0),A,TOTAL,MEI_E,EUR,T,TOTAL,HR,2015,6070,
ESTAT:ILC_DI09(1.0),A,TOTAL,MEI_E,EUR,T,TOTAL,HR,2016,6337,
ESTAT:ILC_DI09(1.0),A,TOTAL,MEI_E,EUR,T,TOTAL,HR,2017,6851,
ESTAT:ILC_DI09(1.0),A,TOTAL,MEI_E,EUR,T,TOTAL,HR,2018,7371,
ESTAT:ILC_DI09(1.0),A,TOTAL,MEI_E,EUR,T,TOTAL,HR,2019,8089,
ESTAT:ILC_DI09(1.0),A,TOTAL,MEI_E,EUR,T,TOTAL,HU,2010,4631,
ESTAT:ILC_DI09(1.0),A,TOTAL,MEI_E,EUR,T,TOTAL,HU,2011,5055,
ESTAT:ILC_DI09(1.0),A,TOTAL,MEI_E,EUR,T,TOTAL,HU,2012,5247,
ESTAT:ILC_DI09(1.0),A,TOTAL,MEI_E,EUR,T,TOTAL,HU,2013,5027,
ESTAT:ILC_DI09(1.0),A,TOTAL,MEI_E,EUR,T,TOTAL,HU,2014,5123,
ESTAT:ILC_DI09(1.0),A,TOTAL,MEI_E,EUR,T,TOTAL,HU,2015,5141,
ESTAT:ILC_DI09(1.0),A,TOTAL,MEI_E,EUR,T,TOTAL,HU,2016,5396,
ESTAT:ILC_DI09(1.0),A,TOTAL,MEI_E,EUR,T,TOTAL,HU,2017,5589,
ESTAT:ILC_DI09(1.0),A,TOTAL,MEI_E,EUR,T,TOTAL,HU,2018,6123,
ESTAT:ILC_DI09(1.0),A,TOTAL,MEI_E,EUR,T,TOTAL,HU,2019,6568,
ESTAT:ILC_DI09(1.0),A,TOTAL,MEI_E,EUR,T,TOTAL,IE,2010,23965,
ESTAT:ILC_DI09(1.0),A,TOTAL,MEI_E,EUR,T,TOTAL,IE,2011,22886,
ESTAT:ILC_DI09(1.0),A,TOTAL,MEI_E,EUR,T,TOTAL,IE,2012,22781,
ESTAT:ILC_DI09(1.0),A,TOTAL,MEI_E,EUR,T,TOTAL,IE,2013,23392,
ESTAT:ILC_DI09(1.0),A,TOTAL,MEI_E,EUR,T,TOTAL,IE,2014,23573,
ESTAT:ILC_DI09(1.0),A,TOTAL,MEI_E,EUR,T,TOTAL,IE,2015,24817,
ESTAT:ILC_DI09(1.0),A,TOTAL,MEI_E,EUR,T,TOTAL,IE,2016,25586,
ESTAT:ILC_DI09(1.0),A,TOTAL,MEI_E,EUR,T,TOTAL,IE,2017,27006,
ESTAT:ILC_DI09(1.0),A,TOTAL,MEI_E,EUR,T,TOTAL,IE,2018,28630,
ESTAT:ILC_DI09(1.0),A,TOTAL,MEI_E,EUR,T,TOTAL,IE,2019,29685,
ESTAT:ILC_DI09(1.0),A,TOTAL,MEI_E,EUR,T,TOTAL,IS,2010,20670,
ESTAT:ILC_DI09(1.0),A,TOTAL,MEI_E,EUR,T,TOTAL,IS,2011,20699,
ESTAT:ILC_DI09(1.0),A,TOTAL,MEI_E,EUR,T,TOTAL,IS,2012,21493,
ESTAT:ILC_DI09(1.0),A,TOTAL,MEI_E,EUR,T,TOTAL,IS,2013,23322,
ESTAT:ILC_DI09(1.0),A,TOTAL,MEI_E,EUR,T,TOTAL,IS,2014,24521,
ESTAT:ILC_DI09(1.0),A,TOTAL,MEI_E,EUR,T,TOTAL,IS,2015,27527,
ESTAT:ILC_DI09(1.0),A,TOTAL,MEI_E,EUR,T,TOTAL,IS,2016,31665,
ESTAT:ILC_DI09(1.0),A,TOTAL,MEI_E,EUR,T,TOTAL,IS,2017,37451,
ESTAT:ILC_DI09(1.0),A,TOTAL,MEI_E,EUR,T,TOTAL,IS,2018,43772,
ESTAT:ILC_DI09(1.0),A,TOTAL,MEI_E,EUR,T,TOTAL,IT,2010,18221,
ESTAT:ILC_DI09(1.0),A,TOTAL,MEI_E,EUR,T,TOTAL,IT,2011,18149,
ESTAT:ILC_DI09(1.0),A,TOTAL,MEI_E,EUR,T,TOTAL,IT,2012,18267,
ESTAT:ILC_DI09(1.0),A,TOTAL,MEI_E,EUR,T,TOTAL,IT,2013,17932,
ESTAT:ILC_DI09(1.0),A,TOTAL,MEI_E,EUR,T,TOTAL,IT,2014,17914,
ESTAT:ILC_DI09(1.0),A,TOTAL,MEI_E,EUR,T,TOTAL,IT,2015,17890,
ESTAT:ILC_DI09(1.0),A,TOTAL,MEI_E,EUR,T,TOTAL,IT,2016,18286,
ESTAT:ILC_DI09(1.0),A,TOTAL,MEI_E,EUR,T,TOTAL,IT,2017,18714,
ESTAT:ILC_DI09(1.0),A,TOTAL,MEI_E,EUR,T,TOTAL,IT,2018,19208,
ESTAT:ILC_DI09(1.0),A,TOTAL,MEI_E,EUR,T,TOTAL,IT,2019,19528,
ESTAT:ILC_DI09(1.0),A,TOTAL,MEI_E,EUR,T,TOTAL,LT,2010,4975,
ESTAT:ILC_DI09(1.0),A,TOTAL,MEI_E,EUR,T,TOTAL,LT,2011,4503,
ESTAT:ILC_DI09(1.0),A,TOTAL,MEI_E,EUR,T,TOTAL,LT,2012,5124,
ESTAT:ILC_DI09(1.0),A,TOTAL,MEI_E,EUR,T,TOTAL,LT,2013,5648,
ESTAT:ILC_DI09(1.0),A,TOTAL,MEI_E,EUR,T,TOTAL,LT,2014,5975,
ESTAT:ILC_DI09(1.0),A,TOTAL,MEI_E,EUR,T,TOTAL,LT,2015,6558,
ESTAT:ILC_DI09(1.0),A,TOTAL,MEI_E,EUR,T,TOTAL,LT,2016,7033,
ESTAT:ILC_DI09(1.0),A,TOTAL,MEI_E,EUR,T,TOTAL,LT,2017,7555,
ESTAT:ILC_DI09(1.0),A,TOTAL,MEI_E,EUR,T,TOTAL,LT,2018,8415,
ESTAT:ILC_DI09(1.0),A,TOTAL,MEI_E,EUR,T,TOTAL,LT,2019,9264,
ESTAT:ILC_DI09(1.0),A,TOTAL,MEI_E,EUR,T,TOTAL,LU,2010,36410,
ESTAT:ILC_DI09(1.0),A,TOTAL,MEI_E,EUR,T,TOTAL,LU,2011,36662,
ESTAT:ILC_DI09(1.0),A,TOTAL,MEI_E,EUR,T,TOTAL,LU,2012,36925,
ESTAT:ILC_DI09(1.0),A,TOTAL,MEI_E,EUR,T,TOTAL,LU,2013,38442,
ESTAT:ILC_DI09(1.0),A,TOTAL,MEI_E,EUR,T,TOTAL,LU,2014,38555,
ESTAT:ILC_DI09(1.0),A,TOTAL,MEI_E,EUR,T,TOTAL,LU,2015,39707,
ESTAT:ILC_DI09(1.0),A,TOTAL,MEI_E,EUR,T,TOTAL,LU,2016,37642,b
ESTAT:ILC_DI09(1.0),A,TOTAL,MEI_E,EUR,T,TOTAL,LU,2017,41085,
ESTAT:ILC_DI09(1.0),A,TOTAL,MEI_E,EUR,T,TOTAL,LU,2018,40075,
ESTAT:ILC_DI09(1.0),A,TOTAL,MEI_E,EUR,T,TOTAL,LU,2019,42818,
ESTAT:ILC_DI09(1.0),A,TOTAL,MEI_E,EUR,T,TOTAL,LV,2010,5466,
ESTAT:ILC_DI09(1.0),A,TOTAL,MEI_E,EUR,T,TOTAL,LV,2011,5131,
ESTAT:ILC_DI09(1.0),A,TOTAL,MEI_E,EUR,T,TOTAL,LV,2012,5463,
ESTAT:ILC_DI09(1.0),A,TOTAL,MEI_E,EUR,T,TOTAL,LV,2013,5732,
ESTAT:ILC_DI09(1.0),A,TOTAL,MEI_E,EUR,T,TOTAL,LV,2014,6324,
ESTAT:ILC_DI09(1.0),A,TOTAL,MEI_E,EUR,T,TOTAL,LV,2015,6970,
ESTAT:ILC_DI09(1.0),A,TOTAL,MEI_E,EUR,T,TOTAL,LV,2016,7526,
ESTAT:ILC_DI09(1.0),A,TOTAL,MEI_E,EUR,T,TOTAL,LV,2017,7831,
ESTAT:ILC_DI09(1.0),A,TOTAL,MEI_E,EUR,T,TOTAL,LV,2018,8738,
ESTAT:ILC_DI09(1.0),A,TOTAL,MEI_E,EUR,T,TOTAL,ME,2013,3584,
ESTAT:ILC_DI09(1.0),A,TOTAL,MEI_E,EUR,T,TOTAL,ME,2014,3616,
ESTAT:ILC_DI09(1.0),A,TOTAL,MEI_E,EUR,T,TOTAL,ME,2015,3720,
ESTAT:ILC_DI09(1.0),A,TOTAL,MEI_E,EUR,T,TOTAL,ME,2016,3813,
ESTAT:ILC_DI09(1.0),A,TOTAL,MEI_E,EUR,T,TOTAL,ME,2017,4129,
ESTAT:ILC_DI09(1.0),A,TOTAL,MEI_E,EUR,T,TOTAL,ME,2018,4234,
ESTAT:ILC_DI09(1.0),A,TOTAL,MEI_E,EUR,T,TOTAL,ME,2019,4241,
ESTAT:ILC_DI09(1.0),A,TOTAL,MEI_E,EUR,T,TOTAL,MK,2012,2153,
ESTAT:ILC_DI09(1.0),A,TOTAL,MEI_E,EUR,T,TOTAL,MK,2013,2252,
ESTAT:ILC_DI09(1.0),A,TOTAL,MEI_E,EUR,T,TOTAL,MK,2014,2304,
ESTAT:ILC_DI09(1.0),A,TOTAL,MEI_E,EUR,T,TOTAL,MK,2015,2447,
ESTAT:ILC_DI09(1.0),A,TOTAL,MEI_E,EUR,T,TOTAL,MK,2016,2549,
ESTAT:ILC_DI09(1.0),A,TOTAL,MEI_E,EUR,T,TOTAL,MK,2017,2691,
ESTAT:ILC_DI09(1.0),A,TOTAL,MEI_E,EUR,T,TOTAL,MK,2018,2842,
ESTAT:ILC_DI09(1.0),A,TOTAL,MEI_E,EUR,T,TOTAL,MK,2019,2972,
ESTAT:ILC_DI09(1.0),A,TOTAL,MEI_E,EUR,T,TOTAL,MT,2010,11794,
ESTAT:ILC_DI09(1.0),A,TOTAL,MEI_E,EUR,T,TOTAL,MT,2011,12097,
ESTAT:ILC_DI09(1.0),A,TOTAL,MEI_E,EUR,T,TOTAL,MT,2012,12663,
ESTAT:ILC_DI09(1.0),A,TOTAL,MEI_E,EUR,T,TOTAL,MT,2013,13438,
ESTAT:ILC_DI09(1.0),A,TOTAL,MEI_E,EUR,T,TOTAL,MT,2014,14315,
ESTAT:ILC_DI09(1.0),A,TOTAL,MEI_E,EUR,T,TOTAL,MT,2015,15172,
ESTAT:ILC_DI09(1.0),A,TOTAL,MEI_E,EUR,T,TOTAL,MT,2016,15505,
ESTAT:ILC_DI09(1.0),A,TOTAL,MEI_E,EUR,T,TOTAL,MT,2017,16387,
ESTAT:ILC_DI09(1.0),A,TOTAL,MEI_E,EUR,T,TOTAL,MT,2018,16749,
ESTAT:ILC_DI09(1.0),A,TOTAL,MEI_E,EUR,T,TOTAL,MT,2019,17246,
ESTAT:ILC_DI09(1.0),A,TOTAL,MEI_E,EUR,T,TOTAL,NL,2010,22700,
ESTAT:ILC_DI09(1.0),A,TOTAL,MEI_E,EUR,T,TOTAL,NL,2011,22555,
ESTAT:ILC_DI09(1.0),A,TOTAL,MEI_E,EUR,T,TOTAL,NL,2012,22954,
ESTAT:ILC_DI09(1.0),A,TOTAL,MEI_E,EUR,T,TOTAL,NL,2013,23128,
ESTAT:ILC_DI09(1.0),A,TOTAL,MEI_E,EUR,T,TOTAL,NL,2014,23189,
ESTAT:ILC_DI09(1.0),A,TOTAL,MEI_E,EUR,T,TOTAL,NL,2015,23928,
ESTAT:ILC_DI09(1.0),A,TOTAL,MEI_E,EUR,T,TOTAL,NL,2016,25366,b
ESTAT:ILC_DI09(1.0),A,TOTAL,MEI_E,EUR,T,TOTAL,NL,2017,26350,
ESTAT:ILC_DI09(1.0),A,TOTAL,MEI_E,EUR,T,TOTAL,NL,2018,26848,
ESTAT:ILC_DI09(1.0),A,TOTAL,MEI_E,EUR,T,TOTAL,NL,2019,27352,
ESTAT:ILC_DI09(1.0),A,TOTAL,MEI_E,EUR,T,TOTAL,NO,2010,34849,
ESTAT:ILC_DI09(1.0),A,TOTAL,MEI_E,EUR,T,TOTAL,NO,2011,39058,
ESTAT:ILC_DI09(1.0),A,TOTAL,MEI_E,EUR,T,TOTAL,NO,2012,42713,
ESTAT:ILC_DI09(1.0),A,TOTAL,MEI_E,EUR,T,TOTAL,NO,2013,45510,
ESTAT:ILC_DI09(1.0),A,TOTAL,MEI_E,EUR,T,TOTAL,NO,2014,46974,
ESTAT:ILC_DI09(1.0),A,TOTAL,MEI_E,EUR,T,TOTAL,NO,2015,44517,
ESTAT:ILC_DI09(1.0),A,TOTAL,MEI_E,EUR,T,TOTAL,NO,2016,42917,
ESTAT:ILC_DI09(1.0),A,TOTAL,MEI_E,EUR,T,TOTAL,NO,2017,42170,
ESTAT:ILC_DI09(1.0),A,TOTAL,MEI_E,EUR,T,TOTAL,NO,2018,42251,
ESTAT:ILC_DI09(1.0),A,TOTAL,MEI_E,EUR,T,TOTAL,NO,2019,42561,
ESTAT:ILC_DI09(1.0),A,TOTAL,MEI_E,EUR,T,TOTAL,PL,2010,5116,b
ESTAT:ILC_DI09(1.0),A,TOTAL,MEI_E,EUR,T,TOTAL,PL,2011,5813,
ESTAT:ILC_DI09(1.0),A,TOTAL,MEI_E,EUR,T,TOTAL,PL,2012,5902,
ESTAT:ILC_DI09(1.0),A,TOTAL,MEI_E,EUR,T,TOTAL,PL,2013,5976,
ESTAT:ILC_DI09(1.0),A,TOTAL,MEI_E,EUR,T,TOTAL,PL,2014,6163,
ESTAT:ILC_DI09(1.0),A,TOTAL,MEI_E,EUR,T,TOTAL,PL,2015,6376,
ESTAT:ILC_DI09(1.0),A,TOTAL,MEI_E,EUR,T,TOTAL,PL,2016,6659,
ESTAT:ILC_DI09(1.0),A,TOTAL,MEI_E,EUR,T,TOTAL,PL,2017,6810,
ESTAT:ILC_DI09(1.0),A,TOTAL,MEI_E,EUR,T,TOTAL,PL,2018,7337,
ESTAT:ILC_DI09(1.0),A,TOTAL,MEI_E,EUR,T,TOTAL,PL,2019,8022,
ESTAT:ILC_DI09(1.0),A,TOTAL,MEI_E,EUR,T,TOTAL,PT,2010,10540,
ESTAT:ILC_DI09(1.0),A,TOTAL,MEI_E,EUR,T,TOTAL,PT,2011,10405,
ESTAT:ILC_DI09(1.0),A,TOTAL,MEI_E,EUR,T,TOTAL,PT,2012,10227,
ESTAT:ILC_DI09(1.0),A,TOTAL,MEI_E,EUR,T,TOTAL,PT,2013,9899,
ESTAT:ILC_DI09(1.0),A,TOTAL,MEI_E,EUR,T,TOTAL,PT,2014,9856,
ESTAT:ILC_DI09(1.0),A,TOTAL,MEI_E,EUR,T,TOTAL,PT,2015,9996,
ESTAT:ILC_DI09(1.0),A,TOTAL,MEI_E,EUR,T,TOTAL,PT,2016,10562,
ESTAT:ILC_DI09(1.0),A,TOTAL,MEI_E,EUR,T,TOTAL,PT,2017,10862,
ESTAT:ILC_DI09(1.0),A,TOTAL,MEI_E,EUR,T,TOTAL,PT,2018,11063,
ESTAT:ILC_DI09(1.0),A,TOTAL,MEI_E,EUR,T,TOTAL,PT,2019,11786,
ESTAT:ILC_DI09(1.0),A,TOTAL,MEI_E,EUR,T,TOTAL,RO,2010,2371,
ESTAT:ILC_DI09(1.0),A,TOTAL,MEI_E,EUR,T,TOTAL,RO,2011,2401,
ESTAT:ILC_DI09(1.0),A,TOTAL,MEI_E,EUR,T,TOTAL,RO,2012,2356,
ESTAT:ILC_DI09(1.0),A,TOTAL,MEI_E,EUR,T,TOTAL,RO,2013,2324,
ESTAT:ILC_DI09(1.0),A,TOTAL,MEI_E,EUR,T,TOTAL,RO,2014,2443,
ESTAT:ILC_DI09(1.0),A,TOTAL,MEI_E,EUR,T,TOTAL,RO,2015,2674,
ESTAT:ILC_DI09(1.0),A,TOTAL,MEI_E,EUR,T,TOTAL,RO,2016,2746,
ESTAT:ILC_DI09(1.0),A,TOTAL,MEI_E,EUR,T,TOTAL,RO,2017,3059,
ESTAT:ILC_DI09(1.0),A,TOTAL,MEI_E,EUR,T,TOTAL,RO,2018,3825,
ESTAT:ILC_DI09(1.0),A,TOTAL,MEI_E,EUR,T,TOTAL,RO,2019,4419,
ESTAT:ILC_DI09(1.0),A,TOTAL,MEI_E,EUR,T,TOTAL,RS,2013,2896,
ESTAT:ILC_DI09(1.0),A,TOTAL,MEI_E,EUR,T,TOTAL,RS,2014,2839,
ESTAT:ILC_DI09(1.0),A,TOTAL,MEI_E,EUR,T,TOTAL,RS,2015,2838,
ESTAT:ILC_DI09(1.0),A,TOTAL,MEI_E,EUR,T,TOTAL,RS,2016,2850,
ESTAT:ILC_DI09(1.0),A,TOTAL,MEI_E,EUR,T,TOTAL,RS,2017,2915,
ESTAT:ILC_DI09(1.0),A,TOTAL,MEI_E,EUR,T,TOTAL,RS,2018,3040,
ESTAT:ILC_DI09(1.0),A,TOTAL,MEI_E,EUR,T,TOTAL,RS,2019,3665,
ESTAT:ILC_DI09(1.0),A,TOTAL,MEI_E,EUR,T,TOTAL,SE,2010,20094,
ESTAT:ILC_DI09(1.0),A,TOTAL,MEI_E,EUR,T,TOTAL,SE,2011,23026,
ESTAT:ILC_DI09(1.0),A,TOTAL,MEI_E,EUR,T,TOTAL,SE,2012,25402,
ESTAT:ILC_DI09(1.0),A,TOTAL,MEI_E,EUR,T,TOTAL,SE,2013,27159,
ESTAT:ILC_DI09(1.0),A,TOTAL,MEI_E,EUR,T,TOTAL,SE,2014,27982,
ESTAT:ILC_DI09(1.0),A,TOTAL,MEI_E,EUR,T,TOTAL,SE,2015,27246,
ESTAT:ILC_DI09(1.0),A,TOTAL,MEI_E,EUR,T,TOTAL,SE,2016,27355,
ESTAT:ILC_DI09(1.0),A,TOTAL,MEI_E,EUR,T,TOTAL,SE,2017,27902,
ESTAT:ILC_DI09(1.0),A,TOTAL,MEI_E,EUR,T,TOTAL,SE,2018,27573,
ESTAT:ILC_DI09(1.0),A,TOTAL,MEI_E,EUR,T,TOTAL,SE,2019,26358,
ESTAT:ILC_DI09(1.0),A,TOTAL,MEI_E,EUR,T,TOTAL,SI,2010,12653,
ESTAT:ILC_DI09(1.0),A,TOTAL,MEI_E,EUR,T,TOTAL,SI,2011,12885,
ESTAT:ILC_DI09(1.0),A,TOTAL,MEI_E,EUR,T,TOTAL,SI,2012,12972,
ESTAT:ILC_DI09(1.0),A,TOTAL,MEI_E,EUR,T,TOTAL,SI,2013,12706,
ESTAT:ILC_DI09(1.0),A,TOTAL,MEI_E,EUR,T,TOTAL,SI,2014,12843,
ESTAT:ILC_DI09(1.0),A,TOTAL,MEI_E,EUR,T,TOTAL,SI,2015,13211,
ESTAT:ILC_DI09(1.0),A,TOTAL,MEI_E,EUR,T,TOTAL,SI,2016,13193,
ESTAT:ILC_DI09(1.0),A,TOTAL,MEI_E,EUR,T,TOTAL,SI,2017,13585,
ESTAT:ILC_DI09(1.0),A,TOTAL,MEI_E,EUR,T,TOTAL,SI,2018,14127,
ESTAT:ILC_DI09(1.0),A,TOTAL,MEI_E,EUR,T,TOTAL,SI,2019,15236,
ESTAT:ILC_DI09(1.0),A,TOTAL,MEI_E,EUR,T,TOTAL,SK,2010,6785,
ESTAT:ILC_DI09(1.0),A,TOTAL,MEI_E,EUR,T,TOTAL,SK,2011,6979,
ESTAT:ILC_DI09(1.0),A,TOTAL,MEI_E,EUR,T,TOTAL,SK,2012,7556,
ESTAT:ILC_DI09(1.0),A,TOTAL,MEI_E,EUR,T,TOTAL,SK,2013,7266,
ESTAT:ILC_DI09(1.0),A,TOTAL,MEI_E,EUR,T,TOTAL,SK,2014,7484,
ESTAT:ILC_DI09(1.0),A,TOTAL,MEI_E,EUR,T,TOTAL,SK,2015,7293,
ESTAT:ILC_DI09(1.0),A,TOTAL,MEI_E,EUR,T,TOTAL,SK,2016,7391,
ESTAT:ILC_DI09(1.0),A,TOTAL,MEI_E,EUR,T,TOTAL,SK,2017,7491,
ESTAT:ILC_DI09(1.0),A,TOTAL,MEI_E,EUR,T,TOTAL,SK,2018,7870,
ESTAT:ILC_DI09(1.0),A,TOTAL,MEI_E,EUR,T,TOTAL,SK,2019,8523,
ESTAT:ILC_DI09(1.0),A,TOTAL,MEI_E,EUR,T,TOTAL,TR,2010,3798,
ESTAT:ILC_DI09(1.0),A,TOTAL,MEI_E,EUR,T,TOTAL,TR,2011,4604,
ESTAT:ILC_DI09(1.0),A,TOTAL,MEI_E,EUR,T,TOTAL,TR,2012,4409,
ESTAT:ILC_DI09(1.0),A,TOTAL,MEI_E,EUR,T,TOTAL,TR,2013,4700,
ESTAT:ILC_DI09(1.0),A,TOTAL,MEI_E,EUR,T,TOTAL,TR,2014,4727,
ESTAT:ILC_DI09(1.0),A,TOTAL,MEI_E,EUR,T,TOTAL,TR,2015,4655,
ESTAT:ILC_DI09(1.0),A,TOTAL,MEI_E,EUR,T,TOTAL,TR,2016,5208,
ESTAT:ILC_DI09(1.0),A,TOTAL,MEI_E,EUR,T,TOTAL,TR,2017,5434,
ESTAT:ILC_DI09(1.0),A,TOTAL,MEI_E,EUR,T,TOTAL,TR,2018,4914,
ESTAT:ILC_DI09(1.0),A,TOTAL,MEI_E,EUR,T,TOTAL,TR,2019,4113,
ESTAT:ILC_DI09(1.0),A,TOTAL,MEI_E,EUR,T,TOTAL,UK,2010,20518,
ESTAT:ILC_DI09(1.0),A,TOTAL,MEI_E,EUR,T,TOTAL,UK,2011,20788,
ESTAT:ILC_DI09(1.0),A,TOTAL,MEI_E,EUR,T,TOTAL,UK,2012,22395,b
ESTAT:ILC_DI09(1.0),A,TOTAL,MEI_E,EUR,T,TOTAL,UK,2013,21654,
ESTAT:ILC_DI09(1.0),A,TOTAL,MEI_E,EUR,T,TOTAL,UK,2014,24136,
ESTAT:ILC_DI09(1.0),A,TOTAL,MEI_E,EUR,T,TOTAL,UK,2015,25022,
ESTAT:ILC_DI09(1.0),A,TOTAL,MEI_E,EUR,T,TOTAL,UK,2016,24602,
ESTAT:ILC_DI09(1.0),A,TOTAL,MEI_E,EUR,T,TOTAL,UK,2017,25244,b
ESTAT:ILC_DI09(1.0),A,TOTAL,MEI_E,EUR,T,TOTAL,UK,2018,25643,
ESTAT:ILC_DI09(1.0),A,TOTAL,MEI_E,EUR,T,TOTAL,XK,2018,2635,
