DATAFLOW,freq,incgrp,hhtyp,tenure,geo,TIME_PERIOD,OBS_VALUE,OBS_FLAG
ESTAT:ILC_LVHO02(1.0),A,TOTAL,TOTAL,OWN,AT,2010,57.4,
ESTAT:ILC_LVHO02(1.0),A,TOTAL,TOTAL,OWN,AT,2011,52.4,
ESTAT:ILC_LVHO02(1.0),A,TOTAL,TOTAL,OWN,AT,2012,57.5,
ESTAT:ILC_LVHO02(1.0),A,TOTAL,TOTAL,OWN,AT,2013,57.3,
ESTAT:ILC_LVHO02(1.0),A,TOTAL,TOTAL,OWN,AT,2014,57.2,
ESTAT:ILC_LVHO02(1.0),A,TOTAL,TOTAL,OWN,AT,2015,55.7,
ESTAT:ILC_LVHO02(1.0),A,TOTAL,TOTAL,OWN,AT,2016,55.0,
ESTAT:ILC_LVHO02(1.0),A,TOTAL,TOTAL,OWN,AT,2017,55.0,
ESTAT:ILC_LVHO02(1.0),A,TOTAL,TOTAL,OWN,AT,2018,55.4,
ESTAT:ILC_LVHO02(1.0),A,TOTAL,TOTAL,OWN,AT,2019,55.2,
ESTAT:ILC_LVHO02(1.0),A,TOTAL,TOTAL,OWN,BE,2010,71.6,
ESTAT:ILC_LVHO02(1.0),A,TOTAL,TOTAL,OWN,BE,2011,71.8,
ESTAT:ILC_LVHO02(1.0),A,TOTAL,TOTAL,OWN,BE,2012,72.4,
ESTAT:ILC_LVHO02(1.0),A,TOTAL,TOTAL,OWN,BE,2013,72.3,
ESTAT:ILC_LVHO02(1.0),A,TOTAL,TOTAL,OWN,BE,2014,72.0,
ESTAT:ILC_LVHO02(1.0),A,TOTAL,TOTAL,OWN,BE,2015,71.4,
ESTAT:ILC_LVHO02(1.0),A,TOTAL,TOTAL,OWN,BE,2016,70.9,
ESTAT:ILC_LVHO02(1.0),A,TOTAL,TOTAL,OWN,BE,2017,72.4,
ESTAT:ILC_LVHO02(1.0),A,TOTAL,TOTAL,OWN,BE,2018,72.3,
ESTAT:ILC_LVHO02(1.0),A,TOTAL,TOTAL,OWN,BE,2019,71.3,b
ESTAT:ILC_LVHO02(1.0),A,TOTAL,TOTAL,OWN,BG,2010,86.9,
ESTAT:ILC_LVHO02(1.0),A,TOTAL,TOTAL,OWN,BG,2011,87.2,
ESTAT:ILC_LVHO02(1.0),A,TOTAL,TOTAL,OWN,BG,2012,87.4,
ESTAT:ILC_LVHO02(1.0),A,TOTAL,TOTAL,OWN,BG,2013,85.7,
ESTAT:ILC_LVHO02(1.0),A,TOTAL,TOTAL,OWN,BG,2014,84.3,
ESTAT:ILC_LVHO02(1.0),A,TOTAL,TOTAL,OWN,BG,2015,82.3,
ESTAT:ILC_LVHO02(1.0),A,TOTAL,TOTAL,OWN,BG,2016,82.3,b
ESTAT:ILC_LVHO02(1.0),A,TOTAL,TOTAL,OWN,BG,2017,82.9,
ESTAT:ILC_LVHO02(1.0),A,TOTAL,TOTAL,OWN,BG,2018,83.6,
ESTAT:ILC_LVHO02(1.0),A,TOTAL,TOTAL,OWN,BG,2019,84.1,
ESTAT:ILC_LVHO02(1.0),A,TOTAL,TOTAL,OWN,CH,2010,44.4,
ESTAT:ILC_LVHO02(1.0),A,TOTAL,TOTAL,OWN,CH,2011,43.8,
ESTAT:ILC_LVHO02(1.0),A,TOTAL,TOTAL,OWN,CH,2012,43.8,
ESTAT:ILC_LVHO02(1.0),A,TOTAL,TOTAL,OWN,CH,2013,44.0,
ESTAT:ILC_LVHO02(1.0),A,TOTAL,TOTAL,OWN,CH,2014,44.5,b
ESTAT:ILC_LVHO02(1.0),A,TOTAL,TOTAL,OWN,CH,2015,43.4,
ESTAT:ILC_LVHO02(1.0),A,TOTAL,TOTAL,OWN,CH,2016,42.5,
ESTAT:ILC_LVHO02(1.0),A,TOTAL,TOTAL,OWN,CH,2017,41.3,
ESTAT:ILC_LVHO02(1.0),A,TOTAL,TOTAL,OWN,CH,2018,42.5,
ESTAT:ILC_LVHO02(1.0),A,TOTAL,TOTAL,OWN,CH,2019,41.6,
ESTAT:ILC_LVHO02(1.0),A,TOTAL,TOTAL,OWN,CY,2010,73.1,
ESTAT:ILC_LVHO02(1.0),A,TOTAL,TOTAL,OWN,CY,2011,73.5,
ESTAT:ILC_LVHO02(1.0),A,TOTAL,TOTAL,OWN,CY,2012,73.2,
ESTAT:ILC_LVHO02(1.0),A,TOTAL,TOTAL,OWN,CY,2013,74.0,
ESTAT:ILC_LVHO02(1.0),A,TOTAL,TOTAL,OWN,CY,2014,72.9,
ESTAT:ILC_LVHO02(1.0),A,TOTAL,TOTAL,OWN,CY,2015,73.0,
ESTAT:ILC_LVHO02(1.0),A,TOTAL,TOTAL,OWN,CY,2016,72.5,
ESTAT:ILC_LVHO02(1.0),A,TOTAL,TOTAL,OWN,CY,2017,70.7,
ESTAT:ILC_LVHO02(1.0),A,TOTAL,TOTAL,OWN,CY,2018,70.1,
ESTAT:ILC_LVHO02(1.0),A,TOTAL,TOTAL,OWN,CY,2019,67.9,
ESTAT:ILC_LVHO02(1.0),A,TOTAL,TOTAL,OWN,CZ,2010,78.7,
ESTAT:ILC_LVHO02(1.0),A,TOTAL,TOTAL,OWN,CZ,2011,80.1,
ESTAT:ILC_LVHO02(1.0),A,TOTAL,TOTAL,OWN,CZ,2012,80.4,
ESTAT:ILC_LVHO02(1.0),A,TOTAL,TOTAL,OWN,CZ,2013,80.1,
ESTAT:ILC_LVHO02(1.0),A,TOTAL,TOTAL,OWN,CZ,2014,78.9,
ESTAT:ILC_LVHO02(1.0),A,TOTAL,TOTAL,OWN,CZ,2015,78.0,
ESTAT:ILC_LVHO02(1.0),A,TOTAL,TOTAL,OWN,CZ,2016,78.2,
ESTAT:ILC_LVHO02(1.0),A,TOTAL,TOTAL,OWN,CZ,2017,78.5,
ESTAT:ILC_LVHO02(1.0),A,TOTAL,TOTAL,OWN,CZ,2018,78.7,
ESTAT:ILC_LVHO02(1.0),A,TOTAL,TOTAL,OWN,CZ,2019,78.6,
ESTAT:ILC_LVHO02(1.0),A,TOTAL,TOTAL,OWN,DE,2010,53.2,
ESTAT:ILC_LVHO02(1.0),A,TOTAL,TOTAL,OWN,DE,2011,53.4,
ESTAT:ILC_LVHO02(1.0),A,TOTAL,TOTAL,OWN,DE,2012,53.3,
ESTAT:ILC_LVHO02(1.0),A,TOTAL,TOTAL,OWN,DE,2013,52.6,
ESTAT:ILC_LVHO02(1.0),A,TOTAL,TOTAL,OWN,DE,2014,52.5,
ESTAT:ILC_LVHO02(1.0),A,TOTAL,TOTAL,OWN,DE,2015,51.9,
ESTAT:ILC_LVHO02(1.0),A,TOTAL,TOTAL,OWN,DE,2016,51.7,
ESTAT:ILC_LVHO02(1.0),A,TOTAL,TOTAL,OWN,DE,2017,51.4,
ESTAT:ILC_LVHO02(1.0),A,TOTAL,TOTAL,OWN,DE,2018,51.5,
ESTAT:ILC_LVHO02(1.0),A,TOTAL,TOTAL,OWN,DE,2019,51.1,
ESTAT:ILC_LVHO02(1.0),A,TOTAL,TOTAL,OWN,DK,2010,66.6,
ESTAT:ILC_LVHO02(1.0),A,TOTAL,TOTAL,OWN,DK,2011,68.7,b
ESTAT:ILC_LVHO02(1.0),A,TOTAL,TOTAL,OWN,DK,2012,66.0,
ESTAT:ILC_LVHO02(1.0),A,TOTAL,TOTAL,OWN,DK,2013,64.5,
ESTAT:ILC_LVHO02(1.0),A,TOTAL,TOTAL,OWN,DK,2014,63.3,
ESTAT:ILC_LVHO02(1.0),A,TOTAL,TOTAL,OWN,DK,2015,62.7,
ESTAT:ILC_LVHO02(1.0),A,TOTAL,TOTAL,OWN,DK,2016,61.7,
ESTAT:ILC_LVHO02(1.0),A,TOTAL,TOTAL,OWN,DK,2017,62.2,
ESTAT:ILC_LVHO02(1.0),A,TOTAL,TOTAL,OWN,DK,2018,60.5,
ESTAT:ILC_LVHO02(1.0),A,TOTAL,TOTAL,OWN,DK,2019,60.8,
ESTAT:ILC_LVHO02(1.0),A,TOTAL,TOTAL,OWN,EE,2010,85.5,
ESTAT:ILC_LVHO02(1.0),A,TOTAL,TOTAL,OWN,EE,2011,83.5,
ESTAT:ILC_LVHO02(1.0),A,TOTAL,TOTAL,OWN,EE,2012,82.2,
ESTAT:ILC_LVHO02(1.0),A,TOTAL,TOTAL,OWN,EE,2013,81.1,
ESTAT:ILC_LVHO02(1.0),A,TOTAL,TOTAL,OWN,EE,2014,81.5,b
ESTAT:ILC_LVHO02(1.0),A,TOTAL,TOTAL,OWN,EE,2015,81.5,
ESTAT:ILC_LVHO02(1.0),A,TOTAL,TOTAL,OWN,EE,2016,81.4,
ESTAT:ILC_LVHO02(1.0),A,TOTAL,TOTAL,OWN,EE,2017,81.8,
ESTAT:ILC_LVHO02(1.0),A,TOTAL,TOTAL,OWN,EE,2018,82.4,
ESTAT:ILC_LVHO02(1.0),A,TOTAL,TOTAL,OWN,EE,2019,81.7,
ESTAT:ILC_LVHO02(1.0),A,TOTAL,TOTAL,OWN,EL,2010,77.2,
ESTAT:ILC_LVHO02(1.0),A,TOTAL,TOTAL,OWN,EL,2011,75.9,
ESTAT:ILC_LVHO02(1.0),A,TOTAL,TOTAL,OWN,EL,2012,75.9,
ESTAT:ILC_LVHO02(1.0),A,TOTAL,TOTAL,OWN,EL,2013,75.8,
ESTAT:ILC_LVHO02(1.0),A,TOTAL,TOTAL,OWN,EL,2014,74.0,
ESTAT:ILC_LVHO02(1.0),A,TOTAL,TOTAL,OWN,EL,2015,75.1,
ESTAT:ILC_LVHO02(1.0),A,TOTAL,TOTAL,OWN,EL,2016,73.9,
ESTAT:ILC_LVHO02(1.0),A,TOTAL,TOTAL,OWN,EL,2017,73.3,
ESTAT:ILC_LVHO02(1.0),A,TOTAL,TOTAL,OWN,EL,2018,73.5,
ESTAT:ILC_LVHO02(1.0),A,TOTAL,TOTAL,OWN,EL,2019,75.4,
ESTAT:ILC_LVHO02(1.0),A,TOTAL,TOTAL,OWN,ES,2010,79.8,
ESTAT:ILC_LVHO02(1.0),A,TOTAL,TOTAL,OWN,ES,2011,79.7,
ESTAT:ILC_LVHO02(1.0),A,TOTAL,TOTAL,OWN,ES,2012,78.9,
ESTAT:ILC_LVHO02(1.0),A,TOTAL,TOTAL,OWN,ES,2013,77.7,
ESTAT:ILC_LVHO02(1.0),A,TOTAL,TOTAL,OWN,ES,2014,78.8,
ESTAT:ILC_LVHO02(1.0),A,TOTAL,TOTAL,OWN,ES,2015,78.2,
ESTAT:ILC_LVHO02(1.0),A,TOTAL,TOTAL,OWN,ES,2016,77.8,
ESTAT:ILC_LVHO02(1.0),A,TOTAL,TOTAL,OWN,ES,2017,77.1,
ESTAT:ILC_LVHO02(1.0),A,TOTAL,TOTAL,OWN,ES,2018,76.3,
ESTAT:ILC_LVHO02(1.0),A,TOTAL,TOTAL,OWN,ES,2019,76.2,
ESTAT:ILC_LVHO02(1.0),A,TOTAL,TOTAL,OWN,FI,2010,74.3,
ESTAT:ILC_LVHO02(1.0),A,TOTAL,TOTAL,OWN,FI,2011,74.1,
ESTAT:ILC_LVHO02(1.0),A,TOTAL,TOTAL,OWN,FI,2012,73.9,
ESTAT:ILC_LVHO02(1.0),A,TOTAL,TOTAL,OWN,FI,2013,73.6,
ESTAT:ILC_LVHO02(1.0),A,TOTAL,TOTAL,OWN,FI,2014,73.2,
ESTAT:ILC_LVHO02(1.0),A,TOTAL,TOTAL,OWN,FI,2015,72.7,
ESTAT:ILC_LVHO02(1.0),A,TOTAL,TOTAL,OWN,FI,2016,71.6,
ESTAT:ILC_LVHO02(1.0),A,TOTAL,TOTAL,OWN,FI,2017,71.4,
ESTAT:ILC_LVHO02(1.0),A,TOTAL,TOTAL,OWN,FI,2018,71.6,
ESTAT:ILC_LVHO02(1.0),A,TOTAL,TOTAL,OWN,FI,2019,71.1,
ESTAT:ILC_LVHO02(1.0),A,TOTAL,TOTAL,OWN,FR,2010,62.0,
ESTAT:ILC_LVHO02(1.0),A,TOTAL,TOTAL,OWN,FR,2011,63.1,
ESTAT:ILC_LVHO02(1.0),A,TOTAL,TOTAL,OWN,FR,2012,63.7,
ESTAT:ILC_LVHO02(1.0),A,TOTAL,TOTAL,OWN,FR,2013,64.3,
ESTAT:ILC_LVHO02(1.0),A,TOTAL,TOTAL,OWN,FR,2014,65.0,
ESTAT:ILC_LVHO02(1.0),A,TOTAL,TOTAL,OWN,FR,2015,64.1,
ESTAT:ILC_LVHO02(1.0),A,TOTAL,TOTAL,OWN,FR,2016,64.9,
ESTAT:ILC_LVHO02(1.0),A,TOTAL,TOTAL,OWN,FR,2017,64.4,
ESTAT:ILC_LVHO02(1.0),A,TOTAL,TOTAL,OWN,FR,2018,65.1,
ESTAT:ILC_LVHO02(1.0),A,TOTAL,TOTAL,OWN,FR,2019,64.1,
ESTAT:ILC_LVHO02(1.0),A,TOTAL,TOTAL,OWN,HR,2010,88.2,
ESTAT:ILC_LVHO02(1.0),A,TOTAL,TOTAL,OWN,HR,2011,90.1,
ESTAT:ILC_LVHO02(1.0),A,TOTAL,TOTAL,OWN,HR,2012,89.6,
ESTAT:ILC_LVHO02(1.0),A,TOTAL,TOTAL,OWN,HR,2013,88.5,
ESTAT:ILC_LVHO02(1.0),A,TOTAL,TOTAL,OWN,HR,2014,89.7,
ESTAT:ILC_LVHO02(1.0),A,TOTAL,TOTAL,OWN,HR,2015,90.3,
ESTAT:ILC_LVHO02(1.0),A,TOTAL,TOTAL,OWN,HR,2016,90.0,
ESTAT:ILC_LVHO02(1.0),A,TOTAL,TOTAL,OWN,HR,2017,90.5,
ESTAT:ILC_LVHO02(1.0),A,TOTAL,TOTAL,OWN,HR,2018,90.1,
ESTAT:ILC_LVHO02(1.0),A,TOTAL,TOTAL,OWN,HR,2019,89.7,
ESTAT:ILC_LVHO02(1.0),A,TOTAL,TOTAL,OWN,HU,2010,89.7,
ESTAT:ILC_LVHO02(1.0),A,TOTAL,TOTAL,OWN,HU,2011,89.3,
ESTAT:ILC_LVHO02(1.0),A,TOTAL,TOTAL,OWN,HU,2012,89.8,
ESTAT:ILC_LVHO02(1.0),A,TOTAL,TOTAL,OWN,HU,2013,88.7,
ESTAT:ILC_LVHO02(1.0),A,TOTAL,TOTAL,OWN,HU,2014,88.2,
ESTAT:ILC_LVHO02(1.0),A,TOTAL,TOTAL,OWN,HU,2015,86.3,
ESTAT:ILC_LVHO02(1.0),A,TOTAL,TOTAL,OWN,HU,2016,86.3,
ESTAT:ILC_LVHO02(1.0),A,TOTAL,TOTAL,OWN,HU,2017,85.2,
ESTAT:ILC_LVHO02(1.0),A,TOTAL,TOTAL,OWN,HU,2018,86.0,
ESTAT:ILC_LVHO02(1.0),A,TOTAL,TOTAL,OWN,HU,2019,91.7,
ESTAT:ILC_LVHO02(1.0),A,TOTAL,TOTAL,OWN,IE,2010,73.3,
ESTAT:ILC_LVHO02(1.0),A,TOTAL,TOTAL,OWN,IE,2011,70.2,
ESTAT:ILC_LVHO02(1.0),A,TOTAL,TOTAL,OWN,IE,2012,69.6,
ESTAT:ILC_LVHO02(1.0),A,TOTAL,TOTAL,OWN,IE,2013,69.9,
ESTAT:ILC_LVHO02(1.0),A,TOTAL,TOTAL,OWN,IE,2014,68.4,
ESTAT:ILC_LVHO02(1.0),A,TOTAL,TOTAL,OWN,IE,2015,69.6,
ESTAT:ILC_LVHO02(1.0),A,TOTAL,TOTAL,OWN,IE,2016,69.5,
ESTAT:ILC_LVHO02(1.0),A,TOTAL,TOTAL,OWN,IE,2017,69.5,
ESTAT:ILC_LVHO02(1.0),A,TOTAL,TOTAL,OWN,IE,2018,70.3,
ESTAT:ILC_LVHO02(1.0),A,TOTAL,TOTAL,OWN,IE,2019,68.7,
ESTAT:ILC_LVHO02(1.0),A,TOTAL,TOTAL,OWN,IS,2010,81.3,
ESTAT:ILC_LVHO02(1.0),A,TOTAL,TOTAL,OWN,IS,2011,77.9,
ESTAT:ILC_LVHO02(1.0),A,TOTAL,TOTAL,OWN,IS,2012,77.3,
ESTAT:ILC_LVHO02(1.0),A,TOTAL,TOTAL,OWN,IS,2013,77.5,
ESTAT:ILC_LVHO02(1.0),A,TOTAL,TOTAL,OWN,IS,2014,78.2,
ESTAT:ILC_LVHO02(1.0),A,TOTAL,TOTAL,OWN,IS,2015,77.8,
ESTAT:ILC_LVHO02(1.0),A,TOTAL,TOTAL,OWN,IS,2016,78.7,
ESTAT:ILC_LVHO02(1.0),A,TOTAL,TOTAL,OWN,IS,2017,74.1,
ESTAT:ILC_LVHO02(1.0),A,TOTAL,TOTAL,OWN,IS,2018,73.6,
ESTAT:ILC_LVHO02(1.0),A,TOTAL,TOTAL,OWN,IT,2010,72.6,
ESTAT:ILC_LVHO02(1.0),A,TOTAL,TOTAL,OWN,IT,2011,73.2,
ESTAT:ILC_LVHO02(1.0),A,TOTAL,TOTAL,OWN,IT,2012,74.2,
ESTAT:ILC_LVHO02(1.0),A,TOTAL,TOTAL,OWN,IT,2013,73.3,
ESTAT:ILC_LVHO02(1.0),A,TOTAL,TOTAL,OWN,IT,2014,73.1,
ESTAT:ILC_LVHO02(1.0),A,TOTAL,TOTAL,OWN,IT,2015,72.9,
ESTAT:ILC_LVHO02(1.0),A,TOTAL,TOTAL,OWN,IT,2016,72.3,
ESTAT:ILC_LVHO02(1.0),A,TOTAL,TOTAL,OWN,IT,2017,72.4,
ESTAT:ILC_LVHO02(1.0),A,TOTAL,TOTAL,OWN,IT,2018,72.4,
ESTAT:ILC_LVHO02(1.0),A,TOTAL,TOTAL,OWN,IT,2019,72.4,
ESTAT:ILC_LVHO02(1.0),A,TOTAL,TOTAL,OWN,LT,2010,93.6,
ESTAT:ILC_LVHO02(1.0),A,TOTAL,TOTAL,OWN,LT,2011,92.2,
ESTAT:ILC_LVHO02(1.0),A,TOTAL,TOTAL,OWN,LT,2012,91.9,
ESTAT:ILC_LVHO02(1.0),A,TOTAL,TOTAL,OWN,LT,2013,92.2,
ESTAT:ILC_LVHO02(1.0),A,TOTAL,TOTAL,OWN,LT,2014,89.9,
ESTAT:ILC_LVHO02(1.0),A,TOTAL,TOTAL,OWN,LT,2015,89.4,
ESTAT:ILC_LVHO02(1.0),A,TOTAL,TOTAL,OWN,LT,2016,90.3,
ESTAT:ILC_LVHO02(1.0),A,TOTAL,TOTAL,OWN,LT,2017,89.7,
ESTAT:ILC_LVHO02(1.0),A,TOTAL,TOTAL,OWN,LT,2018,89.9,
ESTAT:ILC_LVHO02(1.0),A,TOTAL,TOTAL,OWN,LT,2019,90.3,
ESTAT:ILC_LVHO02(1.0),A,TOTAL,TOTAL,OWN,LU,2010,68.1,
ESTAT:ILC_LVHO02(1.0),A,TOTAL,TOTAL,OWN,LU,2011,68.2,
ESTAT:ILC_LVHO02(1.0),A,TOTAL,TOTAL,OWN,LU,2012,70.8,
ESTAT:ILC_LVHO02(1.0),A,TOTAL,TOTAL,OWN,LU,2013,73.0,
ESTAT:ILC_LVHO02(1.0),A,TOTAL,TOTAL,OWN,LU,2014,72.5,
ESTAT:ILC_LVHO02(1.0),A,TOTAL,TOTAL,OWN,LU,2015,73.2,
ESTAT:ILC_LVHO02(1.0),A,TOTAL,TOTAL,OWN,LU,2016,73.9,b
ESTAT:ILC_LVHO02(1.0),A,TOTAL,TOTAL,OWN,LU,2017,74.7,
ESTAT:ILC_LVHO02(1.0),A,TOTAL,TOTAL,OWN,LU,2018,71.2,
ESTAT:ILC_LVHO02(1.0),A,TOTAL,TOTAL,OWN,LU,2019,70.9,
ESTAT:ILC_LVHO02(1.0),A,TOTAL,TOTAL,OWN,LV,2010,84.3,
ESTAT:ILC_LVHO02(1.0),A,TOTAL,TOTAL,OWN,LV,2011,82.8,
ESTAT:ILC_LVHO02(1.0),A,TOTAL,TOTAL,OWN,LV,2012,81.5,
ESTAT:ILC_LVHO02(1.0),A,TOTAL,TOTAL,OWN,LV,2013,81.2,
ESTAT:ILC_LVHO02(1.0),A,TOTAL,TOTAL,OWN,LV,2014,80.9,
ESTAT:ILC_LVHO02(1.0),A,TOTAL,TOTAL,OWN,LV,2015,80.2,
ESTAT:ILC_LVHO02(1.0),A,TOTAL,TOTAL,OWN,LV,2016,80.9,
ESTAT:ILC_LVHO02(1.0),A,TOTAL,TOTAL,OWN,LV,2017,81.5,
ESTAT:ILC_LVHO02(1.0),A,TOTAL,TOTAL,OWN,LV,2018,81.6,
ESTAT:ILC_LVHO02(1.0),A,TOTAL,TOTAL,OWN,LV,2019,80.2,
ESTAT:ILC_LVHO02(1.0),A,TOTAL,TOTAL,OWN,MT,2010,79.5,
ESTAT:ILC_LVHO02(1.0),A,TOTAL,TOTAL,OWN,MT,2011,80.2,
ESTAT:ILC_LVHO02(1.0),A,TOTAL,TOTAL,OWN,MT,2012,81.8,
ESTAT:ILC_LVHO02(1.0),A,TOTAL,TOTAL,OWN,MT,2013,80.5,
ESTAT:ILC_LVHO02(1.0),A,TOTAL,TOTAL,OWN,MT,2014,79.8,
ESTAT:ILC_LVHO02(1.0),A,TOTAL,TOTAL,OWN,MT,2015,80.4,
ESTAT:ILC_LVHO02(1.0),A,TOTAL,TOTAL,OWN,MT,2016,81.4,
ESTAT:ILC_LVHO02(1.0),A,TOTAL,TOTAL,OWN,MT,2017,81.3,
ESTAT:ILC_LVHO02(1.0),A,TOTAL,TOTAL,OWN,MT,2018,81.6,
ESTAT:ILC_LVHO02(1.0),A,TOTAL,TOTAL,OWN,MT,2019,79.8,
ESTAT:ILC_LVHO02(1.0),A,TOTAL,TOTAL,OWN,NL,2010,67.2,
ESTAT:ILC_LVHO02(1.0),A,TOTAL,TOTAL,OWN,NL,2011,67.1,
ESTAT:ILC_LVHO02(1.0),A,TOTAL,TOTAL,OWN,NL,2012,67.5,
ESTAT:ILC_LVHO02(1.0),A,TOTAL,TOTAL,OWN,NL,2013,67.1,
ESTAT:ILC_LVHO02(1.0),A,TOTAL,TOTAL,OWN,NL,2014,67.0,
ESTAT:ILC_LVHO02(1.0),A,TOTAL,TOTAL,OWN,NL,2015,67.8,p
ESTAT:ILC_LVHO02(1.0),A,TOTAL,TOTAL,OWN,NL,2016,69.0,b
ESTAT:ILC_LVHO02(1.0),A,TOTAL,TOTAL,OWN,NL,2017,69.4,
ESTAT:ILC_LVHO02(1.0),A,TOTAL,TOTAL,OWN,NL,2018,68.9,
ESTAT:ILC_LVHO02(1.0),A,TOTAL,TOTAL,OWN,NL,2019,68.9,
ESTAT:ILC_LVHO02(1.0),A,TOTAL,TOTAL,OWN,NO,2010,82.9,
ESTAT:ILC_LVHO02(1.0),A,TOTAL,TOTAL,OWN,NO,2011,84.0,
ESTAT:ILC_LVHO02(1.0),A,TOTAL,TOTAL,OWN,NO,2012,84.8,
ESTAT:ILC_LVHO02(1.0),A,TOTAL,TOTAL,OWN,NO,2013,83.5,
ESTAT:ILC_LVHO02(1.0),A,TOTAL,TOTAL,OWN,NO,2014,84.4,
ESTAT:ILC_LVHO02(1.0),A,TOTAL,TOTAL,OWN,NO,2015,82.8,
ESTAT:ILC_LVHO02(1.0),A,TOTAL,TOTAL,OWN,NO,2016,82.9,
ESTAT:ILC_LVHO02(1.0),A,TOTAL,TOTAL,OWN,NO,2017,81.5,
ESTAT:ILC_LVHO02(1.0),A,TOTAL,TOTAL,OWN,NO,2018,81.3,
ESTAT:ILC_LVHO02(1.0),A,TOTAL,TOTAL,OWN,NO,2019,80.3,
ESTAT:ILC_LVHO02(1.0),A,TOTAL,TOTAL,OWN,PL,2010,81.3,b
ESTAT:ILC_LVHO02(1.0),A,TOTAL,TOTAL,OWN,PL,2011,82.1,
ESTAT:ILC_LVHO02(1.0),A,TOTAL,TOTAL,OWN,PL,2012,82.4,
ESTAT:ILC_LVHO02(1.0),A,TOTAL,TOTAL,OWN,PL,2013,83.8,
ESTAT:ILC_LVHO02(1.0),A,TOTAL,TOTAL,OWN,PL,2014,83.5,
ESTAT:ILC_LVHO02(1.0),A,TOTAL,TOTAL,OWN,PL,2015,83.7,
ESTAT:ILC_LVHO02(1.0),A,TOTAL,TOTAL,OWN,PL,2016,83.4,
ESTAT:ILC_LVHO02(1.0),A,TOTAL,TOTAL,OWN,PL,2017,84.2,
ESTAT:ILC_LVHO02(1.0),A,TOTAL,TOTAL,OWN,PL,2018,84.0,
ESTAT:ILC_LVHO02(1.0),A,TOTAL,TOTAL,OWN,PL,2019,84.2,
ESTAT:ILC_LVHO02(1.0),A,TOTAL,TOTAL,OWN,PT,2010,74.9,
ESTAT:ILC_LVHO02(1.0),A,TOTAL,TOTAL,OWN,PT,2011,75.0,
ESTAT:ILC_LVHO02(1.0),A,TOTAL,TOTAL,OWN,PT,2012,74.5,
ESTAT:ILC_LVHO02(1.0),A,TOTAL,TOTAL,OWN,PT,2013,74.2,
ESTAT:ILC_LVHO02(1.0),A,TOTAL,TOTAL,OWN,PT,2014,74.9,
ESTAT:ILC_LVHO02(1.0),A,TOTAL,TOTAL,OWN,PT,2015,74.8,
ESTAT:ILC_LVHO02(1.0),A,TOTAL,TOTAL,OWN,PT,2016,75.2,
ESTAT:ILC_LVHO02(1.0),A,TOTAL,TOTAL,OWN,PT,2017,74.7,
ESTAT:ILC_LVHO02(1.0),A,TOTAL,TOTAL,OWN,PT,2018,74.5,
ESTAT:ILC_LVHO02(1.0),A,TOTAL,TOTAL,OWN,PT,2019,73.9,
ESTAT:ILC_LVHO02(1.0),A,TOTAL,TOTAL,OWN,RO,2010,97.6,
ESTAT:ILC_LVHO02(1.0),A,TOTAL,TOTAL,OWN,RO,2011,96.4,
ESTAT:ILC_LVHO02(1.0),A,TOTAL,TOTAL,OWN,RO,2012,96.3,
ESTAT:ILC_LVHO02(1.0),A,TOTAL,TOTAL,OWN,RO,2013,95.6,
ESTAT:ILC_LVHO02(1.0),A,TOTAL,TOTAL,OWN,RO,2014,96.2,
ESTAT:ILC_LVHO02(1.0),A,TOTAL,TOTAL,OWN,RO,2015,96.4,
ESTAT:ILC_LVHO02(1.0),A,TOTAL,TOTAL,OWN,RO,2016,96.0,
ESTAT:ILC_LVHO02(1.0),A,TOTAL,TOTAL,OWN,RO,2017,96.8,
ESTAT:ILC_LVHO02(1.0),A,TOTAL,TOTAL,OWN,RO,2018,96.4,
ESTAT:ILC_LVHO02(1.0),A,TOTAL,TOTAL,OWN,RO,2019,95.8,
ESTAT:ILC_LVHO02(1.0),A,TOTAL,TOTAL,OWN,SE,2010,67.3,
ESTAT:ILC_LVHO02(1.0),A,TOTAL,TOTAL,OWN,SE,2011,65.7,
ESTAT:ILC_LVHO02(1.0),A,TOTAL,TOTAL,OWN,SE,2012,66.1,
ESTAT:ILC_LVHO02(1.0),A,TOTAL,TOTAL,OWN,SE,2013,66.3,
ESTAT:ILC_LVHO02(1.0),A,TOTAL,TOTAL,OWN,SE,2014,65.6,
ESTAT:ILC_LVHO02(1.0),A,TOTAL,TOTAL,OWN,SE,2015,66.2,
ESTAT:ILC_LVHO02(1.0),A,TOTAL,TOTAL,OWN,SE,2016,65.2,
ESTAT:ILC_LVHO02(1.0),A,TOTAL,TOTAL,OWN,SE,2017,65.2,
ESTAT:ILC_LVHO02(1.0),A,TOTAL,TOTAL,OWN,SE,2018,64.1,
ESTAT:ILC_LVHO02(1.0),A,TOTAL,TOTAL,OWN,SE,2019,63.6,
ESTAT:ILC_LVHO02(1.0),A,TOTAL,TOTAL,OWN,SI,2010,78.1,
ESTAT:ILC_LVHO02(1.0),A,TOTAL,TOTAL,OWN,SI,2011,77.5,
ESTAT:ILC_LVHO02(1.0),A,TOTAL,TOTAL,OWN,SI,2012,76.2,
ESTAT:ILC_LVHO02(1.0),A,TOTAL,TOTAL,OWN,SI,2013,76.6,
ESTAT:ILC_LVHO02(1.0),A,TOTAL,TOTAL,OWN,SI,2014,76.7,
ESTAT:ILC_LVHO02(1.0),A,TOTAL,TOTAL,OWN,SI,2015,76.2,
ESTAT:ILC_LVHO02(1.0),A,TOTAL,TOTAL,OWN,SI,2016,75.1,
ESTAT:ILC_LVHO02(1.0),A,TOTAL,TOTAL,OWN,SI,2017,75.6,
ESTAT:ILC_LVHO02(1.0),A,TOTAL,TOTAL,OWN,SI,2018,75.1,
ESTAT:ILC_LVHO02(1.0),A,TOTAL,TOTAL,OWN,SI,2019,74.8,
ESTAT:ILC_LVHO02(1.0),A,TOTAL,TOTAL,OWN,SK,2010,90.0,
ESTAT:ILC_LVHO02(1.0),A,TOTAL,TOTAL,OWN,SK,2011,90.2,
ESTAT:ILC_LVHO02(1.0),A,TOTAL,TOTAL,OWN,SK,2012,90.4,
ESTAT:ILC_LVHO02(1.0),A,TOTAL,TOTAL,OWN,SK,2013,90.5,
ESTAT:ILC_LVHO02(1.0),A,TOTAL,TOTAL,OWN,SK,2014,90.3,
ESTAT:ILC_LVHO02(1.0),A,TOTAL,TOTAL,OWN,SK,2015,89.3,
ESTAT:ILC_LVHO02(1.0),A,TOTAL,TOTAL,OWN,SK,2016,89.5,
ESTAT:ILC_LVHO02(1.0),A,TOTAL,TOTAL,OWN,SK,2017,90.1,
ESTAT:ILC_LVHO02(1.0),A,TOTAL,TOTAL,OWN,SK,2018,91.3,
ESTAT:ILC_LVHO02(1.0),A,TOTAL,TOTAL,OWN,SK,2019,90.9,
ESTAT:ILC_LVHO02(1.0),A,TOTAL,TOTAL,OWN,UK,2010,70.0,
ESTAT:ILC_LVHO02(1.0),A,TOTAL,TOTAL,OWN,UK,2011,67.9,
ESTAT:ILC_LVHO02(1.0),A,TOTAL,TOTAL,OWN,UK,2012,66.7,b
ESTAT:ILC_LVHO02(1.0),A,TOTAL,TOTAL,OWN,UK,2013,64.6,
ESTAT:ILC_LVHO02(1.0),A,TOTAL,TOTAL,OWN,UK,2014,64.4,
ESTAT:ILC_LVHO02(1.0),A,TOTAL,TOTAL,OWN,UK,2015,63.5,
ESTAT:ILC_LVHO02(1.0),A,TOTAL,TOTAL,OWN,UK,2016,63.4,
ESTAT:ILC_LVHO02(1.0),A,TOTAL,TOTAL,OWN,UK,2017,65.0,b
ESTAT:ILC_LVHO02(1.0),A,TOTAL,TOTAL,OWN,UK,2018,65.2,
ESTAT:ILC_LVHO02(1.0),A,TOTAL,TOTAL,RENT,AT,2010,42.6,
ESTAT:ILC_LVHO02(1.0),A,TOTAL,TOTAL,RENT,AT,2011,47.6,
ESTAT:ILC_LVHO02(1.0),A,TOTAL,TOTAL,RENT,AT,2012,42.5,
ESTAT:ILC_LVHO02(1.0),A,TOTAL,TOTAL,RENT,AT,2013,42.7,
ESTAT:ILC_LVHO02(1.0),A,TOTAL,TOTAL,RENT,AT,2014,42.8,
ESTAT:ILC_LVHO02(1.0),A,TOTAL,TOTAL,RENT,AT,2015,44.3,
ESTAT:ILC_LVHO02(1.0),A,TOTAL,TOTAL,RENT,AT,2016,45.0,
ESTAT:ILC_LVHO02(1.0),A,TOTAL,TOTAL,RENT,AT,2017,45.0,
ESTAT:ILC_LVHO02(1.0),A,TOTAL,TOTAL,RENT,AT,2018,44.6,
ESTAT:ILC_LVHO02(1.0),A,TOTAL,TOTAL,RENT,AT,2019,44.8,
ESTAT:ILC_LVHO02(1.0),A,TOTAL,TOTAL,RENT,BE,2010,28.4,
ESTAT:ILC_LVHO02(1.0),A,TOTAL,TOTAL,RENT,BE,2011,28.2,
ESTAT:ILC_LVHO02(1.0),A,TOTAL,TOTAL,RENT,BE,2012,27.6,
ESTAT:ILC_LVHO02(1.0),A,TOTAL,TOTAL,RENT,BE,2013,27.7,
ESTAT:ILC_LVHO02(1.0),A,TOTAL,TOTAL,RENT,BE,2014,28.0,
ESTAT:ILC_LVHO02(1.0),A,TOTAL,TOTAL,RENT,BE,2015,28.6,
ESTAT:ILC_LVHO02(1.0),A,TOTAL,TOTAL,RENT,BE,2016,29.1,
ESTAT:ILC_LVHO02(1.0),A,TOTAL,TOTAL,RENT,BE,2017,27.6,
ESTAT:ILC_LVHO02(1.0),A,TOTAL,TOTAL,RENT,BE,2018,27.7,
ESTAT:ILC_LVHO02(1.0),A,TOTAL,TOTAL,RENT,BE,2019,28.7,b
ESTAT:ILC_LVHO02(1.0),A,TOTAL,TOTAL,RENT,BG,2010,13.1,
ESTAT:ILC_LVHO02(1.0),A,TOTAL,TOTAL,RENT,BG,2011,12.8,
ESTAT:ILC_LVHO02(1.0),A,TOTAL,TOTAL,RENT,BG,2012,12.6,
ESTAT:ILC_LVHO02(1.0),A,TOTAL,TOTAL,RENT,BG,2013,14.3,
ESTAT:ILC_LVHO02(1.0),A,TOTAL,TOTAL,RENT,BG,2014,15.7,
ESTAT:ILC_LVHO02(1.0),A,TOTAL,TOTAL,RENT,BG,2015,17.7,
ESTAT:ILC_LVHO02(1.0),A,TOTAL,TOTAL,RENT,BG,2016,17.7,b
ESTAT:ILC_LVHO02(1.0),A,TOTAL,TOTAL,RENT,BG,2017,17.1,
ESTAT:ILC_LVHO02(1.0),A,TOTAL,TOTAL,RENT,BG,2018,16.4,
ESTAT:ILC_LVHO02(1.0),A,TOTAL,TOTAL,RENT,BG,2019,15.9,
ESTAT:ILC_LVHO02(1.0),A,TOTAL,TOTAL,RENT,CH,2010,55.6,
ESTAT:ILC_LVHO02(1.0),A,TOTAL,TOTAL,RENT,CH,2011,56.2,
ESTAT:ILC_LVHO02(1.0),A,TOTAL,TOTAL,RENT,CH,2012,56.2,
ESTAT:ILC_LVHO02(1.0),A,TOTAL,TOTAL,RENT,CH,2013,56.0,
ESTAT:ILC_LVHO02(1.0),A,TOTAL,TOTAL,RENT,CH,2014,55.5,b
ESTAT:ILC_LVHO02(1.0),A,TOTAL,TOTAL,RENT,CH,2015,56.6,
ESTAT:ILC_LVHO02(1.0),A,TOTAL,TOTAL,RENT,CH,2016,57.5,
ESTAT:ILC_LVHO02(1.0),A,TOTAL,TOTAL,RENT,CH,2017,58.7,
ESTAT:ILC_LVHO02(1.0),A,TOTAL,TOTAL,RENT,CH,2018,57.5,
ESTAT:ILC_LVHO02(1.0),A,TOTAL,TOTAL,RENT,CH,2019,58.4,
ESTAT:ILC_LVHO02(1.0),A,TOTAL,TOTAL,RENT,CY,2010,26.9,
ESTAT:ILC_LVHO02(1.0),A,TOTAL,TOTAL,RENT,CY,2011,26.5,
ESTAT:ILC_LVHO02(1.0),A,TOTAL,TOTAL,RENT,CY,2012,26.8,
ESTAT:ILC_LVHO02(1.0),A,TOTAL,TOTAL,RENT,CY,2013,26.0,
ESTAT:ILC_LVHO02(1.0),A,TOTAL,TOTAL,RENT,CY,2014,27.1,
ESTAT:ILC_LVHO02(1.0),A,TOTAL,TOTAL,RENT,CY,2015,27.0,
ESTAT:ILC_LVHO02(1.0),A,TOTAL,TOTAL,RENT,CY,2016,27.5,
ESTAT:ILC_LVHO02(1.0),A,TOTAL,TOTAL,RENT,CY,2017,29.3,
ESTAT:ILC_LVHO02(1.0),A,TOTAL,TOTAL,RENT,CY,2018,29.9,
ESTAT:ILC_LVHO02(1.0),A,TOTAL,TOTAL,RENT,CY,2019,32.1,
ESTAT:ILC_LVHO02(1.0),A,TOTAL,TOTAL,RENT,CZ,2010,21.3,
ESTAT:ILC_LVHO02(1.0),A,TOTAL,TOTAL,RENT,CZ,2011,19.9,
ESTAT:ILC_LVHO02(1.0),A,TOTAL,TOTAL,RENT,CZ,2012,19.6,
ESTAT:ILC_LVHO02(1.0),A,TOTAL,TOTAL,RENT,CZ,2013,19.9,
ESTAT:ILC_LVHO02(1.0),A,TOTAL,TOTAL,RENT,CZ,2014,21.1,
ESTAT:ILC_LVHO02(1.0),A,TOTAL,TOTAL,RENT,CZ,2015,22.0,
ESTAT:ILC_LVHO02(1.0),A,TOTAL,TOTAL,RENT,CZ,2016,21.8,
ESTAT:ILC_LVHO02(1.0),A,TOTAL,TOTAL,RENT,CZ,2017,21.5,
ESTAT:ILC_LVHO02(1.0),A,TOTAL,TOTAL,RENT,CZ,2018,21.3,
ESTAT:ILC_LVHO02(1.0),A,TOTAL,TOTAL,RENT,CZ,2019,21.4,
ESTAT:ILC_LVHO02(1.0),A,TOTAL,TOTAL,RENT,DE,2010,46.8,
ESTAT:ILC_LVHO02(1.0),A,TOTAL,TOTAL,RENT,DE,2011,46.6,
ESTAT:ILC_LVHO02(1.0),A,TOTAL,TOTAL,RENT,DE,2012,46.7,
ESTAT:ILC_LVHO02(1.0),A,TOTAL,TOTAL,RENT,DE,2013,47.4,
ESTAT:ILC_LVHO02(1.0),A,TOTAL,TOTAL,RENT,DE,2014,47.5,
ESTAT:ILC_LVHO02(1.0),A,TOTAL,TOTAL,RENT,DE,2015,48.1,
ESTAT:ILC_LVHO02(1.0),A,TOTAL,TOTAL,RENT,DE,2016,48.3,
ESTAT:ILC_LVHO02(1.0),A,TOTAL,TOTAL,RENT,DE,2017,48.6,
ESTAT:ILC_LVHO02(1.0),A,TOTAL,TOTAL,RENT,DE,2018,48.5,
ESTAT:ILC_LVHO02(1.0),A,TOTAL,TOTAL,RENT,DE,2019,48.9,
ESTAT:ILC_LVHO02(1.0),A,TOTAL,TOTAL,RENT,DK,2010,33.4,
ESTAT:ILC_LVHO02(1.0),A,TOTAL,TOTAL,RENT,DK,2011,31.3,b
ESTAT:ILC_LVHO02(1.0),A,TOTAL,TOTAL,RENT,DK,2012,34.0,
ESTAT:ILC_LVHO02(1.0),A,TOTAL,TOTAL,RENT,DK,2013,35.5,
ESTAT:ILC_LVHO02(1.0),A,TOTAL,TOTAL,RENT,DK,2014,36.7,
ESTAT:ILC_LVHO02(1.0),A,TOTAL,TOTAL,RENT,DK,2015,37.3,
ESTAT:ILC_LVHO02(1.0),A,TOTAL,TOTAL,RENT,DK,2016,38.3,
ESTAT:ILC_LVHO02(1.0),A,TOTAL,TOTAL,RENT,DK,2017,37.8,
ESTAT:ILC_LVHO02(1.0),A,TOTAL,TOTAL,RENT,DK,2018,39.5,
ESTAT:ILC_LVHO02(1.0),A,TOTAL,TOTAL,RENT,DK,2019,39.2,
ESTAT:ILC_LVHO02(1.0),A,TOTAL,TOTAL,RENT,EE,2010,14.5,
ESTAT:ILC_LVHO02(1.0),A,TOTAL,TOTAL,RENT,EE,2011,16.5,
ESTAT:ILC_LVHO02(1.0),A,TOTAL,TOTAL,RENT,EE,2012,17.8,
ESTAT:ILC_LVHO02(1.0),A,TOTAL,TOTAL,RENT,EE,2013,18.9,
ESTAT:ILC_LVHO02(1.0),A,TOTAL,TOTAL,RENT,EE,2014,18.5,b
ESTAT:ILC_LVHO02(1.0),A,TOTAL,TOTAL,RENT,EE,2015,18.5,
ESTAT:ILC_LVHO02(1.0),A,TOTAL,TOTAL,RENT,EE,2016,18.6,
ESTAT:ILC_LVHO02(1.0),A,TOTAL,TOTAL,RENT,EE,2017,18.2,
ESTAT:ILC_LVHO02(1.0),A,TOTAL,TOTAL,RENT,EE,2018,17.6,
ESTAT:ILC_LVHO02(1.0),A,TOTAL,TOTAL,RENT,EE,2019,18.3,
ESTAT:ILC_LVHO02(1.0),A,TOTAL,TOTAL,RENT,EL,2010,22.8,
ESTAT:ILC_LVHO02(1.0),A,TOTAL,TOTAL,RENT,EL,2011,24.1,
ESTAT:ILC_LVHO02(1.0),A,TOTAL,TOTAL,RENT,EL,2012,24.1,
ESTAT:ILC_LVHO02(1.0),A,TOTAL,TOTAL,RENT,EL,2013,24.2,
ESTAT:ILC_LVHO02(1.0),A,TOTAL,TOTAL,RENT,EL,2014,26.0,
ESTAT:ILC_LVHO02(1.0),A,TOTAL,TOTAL,RENT,EL,2015,24.9,
ESTAT:ILC_LVHO02(1.0),A,TOTAL,TOTAL,RENT,EL,2016,26.1,
ESTAT:ILC_LVHO02(1.0),A,TOTAL,TOTAL,RENT,EL,2017,26.7,
ESTAT:ILC_LVHO02(1.0),A,TOTAL,TOTAL,RENT,EL,2018,26.5,
ESTAT:ILC_LVHO02(1.0),A,TOTAL,TOTAL,RENT,EL,2019,24.6,
ESTAT:ILC_LVHO02(1.0),A,TOTAL,TOTAL,RENT,ES,2010,20.2,
ESTAT:ILC_LVHO02(1.0),A,TOTAL,TOTAL,RENT,ES,2011,20.3,
ESTAT:ILC_LVHO02(1.0),A,TOTAL,TOTAL,RENT,ES,2012,21.1,
ESTAT:ILC_LVHO02(1.0),A,TOTAL,TOTAL,RENT,ES,2013,22.3,
ESTAT:ILC_LVHO02(1.0),A,TOTAL,TOTAL,RENT,ES,2014,21.2,
ESTAT:ILC_LVHO02(1.0),A,TOTAL,TOTAL,RENT,ES,2015,21.8,
ESTAT:ILC_LVHO02(1.0),A,TOTAL,TOTAL,RENT,ES,2016,22.2,
ESTAT:ILC_LVHO02(1.0),A,TOTAL,TOTAL,RENT,ES,2017,22.9,
ESTAT:ILC_LVHO02(1.0),A,TOTAL,TOTAL,RENT,ES,2018,23.7,
ESTAT:ILC_LVHO02(1.0),A,TOTAL,TOTAL,RENT,ES,2019,23.8,
ESTAT:ILC_LVHO02(1.0),A,TOTAL,TOTAL,RENT,FI,2010,25.7,
ESTAT:ILC_LVHO02(1.0),A,TOTAL,TOTAL,RENT,FI,2011,25.9,
ESTAT:ILC_LVHO02(1.0),A,TOTAL,TOTAL,RENT,FI,2012,26.1,
ESTAT:ILC_LVHO02(1.0),A,TOTAL,TOTAL,RENT,FI,2013,26.4,
ESTAT:ILC_LVHO02(1.0),A,TOTAL,TOTAL,RENT,FI,2014,26.8,
ESTAT:ILC_LVHO02(1.0),A,TOTAL,TOTAL,RENT,FI,2015,27.3,
ESTAT:ILC_LVHO02(1.0),A,TOTAL,TOTAL,RENT,FI,2016,28.4,
ESTAT:ILC_LVHO02(1.0),A,TOTAL,TOTAL,RENT,FI,2017,28.6,
ESTAT:ILC_LVHO02(1.0),A,TOTAL,TOTAL,RENT,FI,2018,28.4,
ESTAT:ILC_LVHO02(1.0),A,TOTAL,TOTAL,RENT,FI,2019,28.9,
ESTAT:ILC_LVHO02(1.0),A,TOTAL,TOTAL,RENT,FR,2010,38.0,
ESTAT:ILC_LVHO02(1.0),A,TOTAL,TOTAL,RENT,FR,2011,36.9,
ESTAT:ILC_LVHO02(1.0),A,TOTAL,TOTAL,RENT,FR,2012,36.3,
ESTAT:ILC_LVHO02(1.0),A,TOTAL,TOTAL,RENT,FR,2013,35.7,
ESTAT:ILC_LVHO02(1.0),A,TOTAL,TOTAL,RENT,FR,2014,35.0,
ESTAT:ILC_LVHO02(1.0),A,TOTAL,TOTAL,RENT,FR,2015,35.9,
ESTAT:ILC_LVHO02(1.0),A,TOTAL,TOTAL,RENT,FR,2016,35.1,
ESTAT:ILC_LVHO02(1.0),A,TOTAL,TOTAL,RENT,FR,2017,35.6,
ESTAT:ILC_LVHO02(1.0),A,TOTAL,TOTAL,RENT,FR,2018,34.9,
ESTAT:ILC_LVHO02(1.0),A,TOTAL,TOTAL,RENT,FR,2019,35.9,
ESTAT:ILC_LVHO02(1.0),A,TOTAL,TOTAL,RENT,HR,2010,11.8,
ESTAT:ILC_LVHO02(1.0),A,TOTAL,TOTAL,RENT,HR,2011,9.9,
ESTAT:ILC_LVHO02(1.0),A,TOTAL,TOTAL,RENT,HR,2012,10.4,
ESTAT:ILC_LVHO02(1.0),A,TOTAL,TOTAL,RENT,HR,2013,11.5,
ESTAT:ILC_LVHO02(1.0),A,TOTAL,TOTAL,RENT,HR,2014,10.3,
ESTAT:ILC_LVHO02(1.0),A,TOTAL,TOTAL,RENT,HR,2015,9.7,
ESTAT:ILC_LVHO02(1.0),A,TOTAL,TOTAL,RENT,HR,2016,10.0,
ESTAT:ILC_LVHO02(1.0),A,TOTAL,TOTAL,RENT,HR,2017,9.5,
ESTAT:ILC_LVHO02(1.0),A,TOTAL,TOTAL,RENT,HR,2018,9.9,
ESTAT:ILC_LVHO02(1.0),A,TOTAL,TOTAL,RENT,HR,2019,10.3,
ESTAT:ILC_LVHO02(1.0),A,TOTAL,TOTAL,RENT,HU,2010,10.3,
ESTAT:ILC_LVHO02(1.0),A,TOTAL,TOTAL,RENT,HU,2011,10.7,
ESTAT:ILC_LVHO02(1.0),A,TOTAL,TOTAL,RENT,HU,2012,10.2,
ESTAT:ILC_LVHO02(1.0),A,TOTAL,TOTAL,RENT,HU,2013,11.3,
ESTAT:ILC_LVHO02(1.0),A,TOTAL,TOTAL,RENT,HU,2014,11.8,
ESTAT:ILC_LVHO02(1.0),A,TOTAL,TOTAL,RENT,HU,2015,13.7,
ESTAT:ILC_LVHO02(1.0),A,TOTAL,TOTAL,RENT,HU,2016,13.7,
ESTAT:ILC_LVHO02(1.0),A,TOTAL,TOTAL,RENT,HU,2017,14.8,
ESTAT:ILC_LVHO02(1.0),A,TOTAL,TOTAL,RENT,HU,2018,14.0,
ESTAT:ILC_LVHO02(1.0),A,TOTAL,TOTAL,RENT,HU,2019,8.3,
ESTAT:ILC_LVHO02(1.0),A,TOTAL,TOTAL,RENT,IE,2010,26.7,
ESTAT:ILC_LVHO02(1.0),A,TOTAL,TOTAL,RENT,IE,2011,29.8,
ESTAT:ILC_LVHO02(1.0),A,TOTAL,TOTAL,RENT,IE,2012,30.4,
ESTAT:ILC_LVHO02(1.0),A,TOTAL,TOTAL,RENT,IE,2013,30.1,
ESTAT:ILC_LVHO02(1.0),A,TOTAL,TOTAL,RENT,IE,2014,31.6,
ESTAT:ILC_LVHO02(1.0),A,TOTAL,TOTAL,RENT,IE,2015,30.4,
ESTAT:ILC_LVHO02(1.0),A,TOTAL,TOTAL,RENT,IE,2016,30.5,
ESTAT:ILC_LVHO02(1.0),A,TOTAL,TOTAL,RENT,IE,2017,30.5,
ESTAT:ILC_LVHO02(1.0),A,TOTAL,TOTAL,RENT,IE,2018,29.7,
ESTAT:ILC_LVHO02(1.0),A,TOTAL,TOTAL,RENT,IE,2019,31.3,
ESTAT:ILC_LVHO02(1.0),A,TOTAL,TOTAL,RENT,IS,2010,18.7,
ESTAT:ILC_LVHO02(1.0),A,TOTAL,TOTAL,RENT,IS,2011,22.1,
ESTAT:ILC_LVHO02(1.0),A,TOTAL,TOTAL,RENT,IS,2012,22.7,
ESTAT:ILC_LVHO02(1.0),A,TOTAL,TOTAL,RENT,IS,2013,22.5,
ESTAT:ILC_LVHO02(1.0),A,TOTAL,TOTAL,RENT,IS,2014,21.8,
ESTAT:ILC_LVHO02(1.0),A,TOTAL,TOTAL,RENT,IS,2015,22.2,
ESTAT:ILC_LVHO02(1.0),A,TOTAL,TOTAL,RENT,IS,2016,21.3,
ESTAT:ILC_LVHO02(1.0),A,TOTAL,TOTAL,RENT,IS,2017,25.9,
ESTAT:ILC_LVHO02(1.0),A,TOTAL,TOTAL,RENT,IS,2018,26.4,
ESTAT:ILC_LVHO02(1.0),A,TOTAL,TOTAL,RENT,IT,2010,27.4,
ESTAT:ILC_LVHO02(1.0),A,TOTAL,TOTAL,RENT,IT,2011,26.8,
ESTAT:ILC_LVHO02(1.0),A,TOTAL,TOTAL,RENT,IT,2012,25.8,
ESTAT:ILC_LVHO02(1.0),A,TOTAL,TOTAL,RENT,IT,2013,26.7,
ESTAT:ILC_LVHO02(1.0),A,TOTAL,TOTAL,RENT,IT,2014,26.9,
ESTAT:ILC_LVHO02(1.0),A,TOTAL,TOTAL,RENT,IT,2015,27.1,
ESTAT:ILC_LVHO02(1.0),A,TOTAL,TOTAL,RENT,IT,2016,27.7,
ESTAT:ILC_LVHO02(1.0),A,TOTAL,TOTAL,RENT,IT,2017,27.6,
ESTAT:ILC_LVHO02(1.0),A,TOTAL,TOTAL,RENT,IT,2018,27.6,
ESTAT:ILC_LVHO02(1.0),A,TOTAL,TOTAL,RENT,IT,2019,27.6,
ESTAT:ILC_LVHO02(1.0),A,TOTAL,TOTAL,RENT,LT,2010,6.4,
ESTAT:ILC_LVHO02(1.0),A,TOTAL,TOTAL,RENT,LT,2011,7.8,
ESTAT:ILC_LVHO02(1.0),A,TOTAL,TOTAL,RENT,LT,2012,8.1,
ESTAT:ILC_LVHO02(1.0),A,TOTAL,TOTAL,RENT,LT,2013,7.8,
ESTAT:ILC_LVHO02(1.0),A,TOTAL,TOTAL,RENT,LT,2014,10.1,
ESTAT:ILC_LVHO02(1.0),A,TOTAL,TOTAL,RENT,LT,2015,10.6,
ESTAT:ILC_LVHO02(1.0),A,TOTAL,TOTAL,RENT,LT,2016,9.7,
ESTAT:ILC_LVHO02(1.0),A,TOTAL,TOTAL,RENT,LT,2017,10.3,
ESTAT:ILC_LVHO02(1.0),A,TOTAL,TOTAL,RENT,LT,2018,10.1,
ESTAT:ILC_LVHO02(1.0),A,TOTAL,TOTAL,RENT,LT,2019,9.7,
ESTAT:ILC_LVHO02(1.0),A,TOTAL,TOTAL,RENT,LU,2010,31.9,
ESTAT:ILC_LVHO02(1.0),A,TOTAL,TOTAL,RENT,LU,2011,31.8,
ESTAT:ILC_LVHO02(1.0),A,TOTAL,TOTAL,RENT,LU,2012,29.2,
ESTAT:ILC_LVHO02(1.0),A,TOTAL,TOTAL,RENT,LU,2013,27.0,
ESTAT:ILC_LVHO02(1.0),A,TOTAL,TOTAL,RENT,LU,2014,27.5,
ESTAT:ILC_LVHO02(1.0),A,TOTAL,TOTAL,RENT,LU,2015,26.8,
ESTAT:ILC_LVHO02(1.0),A,TOTAL,TOTAL,RENT,LU,2016,26.1,b
ESTAT:ILC_LVHO02(1.0),A,TOTAL,TOTAL,RENT,LU,2017,25.3,
ESTAT:ILC_LVHO02(1.0),A,TOTAL,TOTAL,RENT,LU,2018,28.8,
ESTAT:ILC_LVHO02(1.0),A,TOTAL,TOTAL,RENT,LU,2019,29.1,
ESTAT:ILC_LVHO02(1.0),A,TOTAL,TOTAL,RENT,LV,2010,15.7,
ESTAT:ILC_LVHO02(1.0),A,TOTAL,TOTAL,RENT,LV,2011,17.2,
ESTAT:ILC_LVHO02(1.0),A,TOTAL,TOTAL,RENT,LV,2012,18.5,
ESTAT:ILC_LVHO02(1.0),A,TOTAL,TOTAL,RENT,LV,2013,18.8,
ESTAT:ILC_LVHO02(1.0),A,TOTAL,TOTAL,RENT,LV,2014,19.1,
ESTAT:ILC_LVHO02(1.0),A,TOTAL,TOTAL,RENT,LV,2015,19.8,
ESTAT:ILC_LVHO02(1.0),A,TOTAL,TOTAL,RENT,LV,2016,19.1,
ESTAT:ILC_LVHO02(1.0),A,TOTAL,TOTAL,RENT,LV,2017,18.5,
ESTAT:ILC_LVHO02(1.0),A,TOTAL,TOTAL,RENT,LV,2018,18.4,
ESTAT:ILC_LVHO02(1.0),A,TOTAL,TOTAL,RENT,LV,2019,19.8,
ESTAT:ILC_LVHO02(1.0),A,TOTAL,TOTAL,RENT,MT,2010,20.5,
ESTAT:ILC_LVHO02(1.0),A,TOTAL,TOTAL,RENT,MT,2011,19.8,
ESTAT:ILC_LVHO02(1.0),A,TOTAL,TOTAL,RENT,MT,2012,18.2,
ESTAT:ILC_LVHO02(1.0),A,TOTAL,TOTAL,RENT,MT,2013,19.5,
ESTAT:ILC_LVHO02(1.0),A,TOTAL,TOTAL,RENT,MT,2014,20.2,
ESTAT:ILC_LVHO02(1.0),A,TOTAL,TOTAL,RENT,MT,2015,19.6,
ESTAT:ILC_LVHO02(1.0),A,TOTAL,TOTAL,RENT,MT,2016,18.6,
ESTAT:ILC_LVHO02(1.0),A,TOTAL,TOTAL,RENT,MT,2017,18.7,
ESTAT:ILC_LVHO02(1.0),A,TOTAL,TOTAL,RENT,MT,2018,18.4,
ESTAT:ILC_LVHO02(1.0),A,TOTAL,TOTAL,RENT,MT,2019,20.2,
ESTAT:ILC_LVHO02(1.0),A,TOTAL,TOTAL,RENT,NL,2010,32.8,
ESTAT:ILC_LVHO02(1.0),A,TOTAL,TOTAL,RENT,NL,2011,32.9,
ESTAT:ILC_LVHO02(1.0),A,TOTAL,TOTAL,RENT,NL,2012,32.5,
ESTAT:ILC_LVHO02(1.0),A,TOTAL,TOTAL,RENT,NL,2013,32.9,
ESTAT:ILC_LVHO02(1.0),A,TOTAL,TOTAL,RENT,NL,2014,33.0,
ESTAT:ILC_LVHO02(1.0),A,TOTAL,TOTAL,RENT,NL,2015,32.2,p
ESTAT:ILC_LVHO02(1.0),A,TOTAL,TOTAL,RENT,NL,2016,31.0,b
ESTAT:ILC_LVHO02(1.0),A,TOTAL,TOTAL,RENT,NL,2017,30.6,
ESTAT:ILC_LVHO02(1.0),A,TOTAL,TOTAL,RENT,NL,2018,31.1,
ESTAT:ILC_LVHO02(1.0),A,TOTAL,TOTAL,RENT,NL,2019,31.1,
ESTAT:ILC_LVHO02(1.0),A,TOTAL,TOTAL,RENT,NO,2010,17.1,
ESTAT:ILC_LVHO02(1.0),A,TOTAL,TOTAL,RENT,NO,2011,16.0,
ESTAT:ILC_LVHO02(1.0),A,TOTAL,TOTAL,RENT,NO,2012,15.2,
ESTAT:ILC_LVHO02(1.0),A,TOTAL,TOTAL,RENT,NO,2013,16.5,
ESTAT:ILC_LVHO02(1.0),A,TOTAL,TOTAL,RENT,NO,2014,15.6,
ESTAT:ILC_LVHO02(1.0),A,TOTAL,TOTAL,RENT,NO,2015,17.2,
ESTAT:ILC_LVHO02(1.0),A,TOTAL,TOTAL,RENT,NO,2016,17.1,
ESTAT:ILC_LVHO02(1.0),A,TOTAL,TOTAL,RENT,NO,2017,18.5,
ESTAT:ILC_LVHO02(1.0),A,TOTAL,TOTAL,RENT,NO,2018,18.7,
ESTAT:ILC_LVHO02(1.0),A,TOTAL,TOTAL,RENT,NO,2019,19.7,
ESTAT:ILC_LVHO02(1.0),A,TOTAL,TOTAL,RENT,PL,2010,18.7,b
ESTAT:ILC_LVHO02(1.0),A,TOTAL,TOTAL,RENT,PL,2011,17.9,
ESTAT:ILC_LVHO02(1.0),A,TOTAL,TOTAL,RENT,PL,2012,17.6,
ESTAT:ILC_LVHO02(1.0),A,TOTAL,TOTAL,RENT,PL,2013,16.2,
ESTAT:ILC_LVHO02(1.0),A,TOTAL,TOTAL,RENT,PL,2014,16.5,
ESTAT:ILC_LVHO02(1.0),A,TOTAL,TOTAL,RENT,PL,2015,16.3,
ESTAT:ILC_LVHO02(1.0),A,TOTAL,TOTAL,RENT,PL,2016,16.6,
ESTAT:ILC_LVHO02(1.0),A,TOTAL,TOTAL,RENT,PL,2017,15.8,
ESTAT:ILC_LVHO02(1.0),A,TOTAL,TOTAL,RENT,PL,2018,16.0,
ESTAT:ILC_LVHO02(1.0),A,TOTAL,TOTAL,RENT,PL,2019,15.8,
ESTAT:ILC_LVHO02(1.0),A,TOTAL,TOTAL,RENT,PT,2010,25.1,
ESTAT:ILC_LVHO02(1.0),A,TOTAL,TOTAL,RENT,PT,2011,25.0,
ESTAT:ILC_LVHO02(1.0),A,TOTAL,TOTAL,RENT,PT,2012,25.5,
ESTAT:ILC_LVHO02(1.0),A,TOTAL,TOTAL,RENT,PT,2013,25.8,
ESTAT:ILC_LVHO02(1.0),A,TOTAL,TOTAL,RENT,PT,2014,25.1,
ESTAT:ILC_LVHO02(1.0),A,TOTAL,TOTAL,RENT,PT,2015,25.2,
ESTAT:ILC_LVHO02(1.0),A,TOTAL,TOTAL,RENT,PT,2016,24.8,
ESTAT:ILC_LVHO02(1.0),A,TOTAL,TOTAL,RENT,PT,2017,25.3,
ESTAT:ILC_LVHO02(1.0),A,TOTAL,TOTAL,RENT,PT,2018,25.5,
ESTAT:ILC_LVHO02(1.0),A,TOTAL,TOTAL,RENT,PT,2019,26.1,
ESTAT:ILC_LVHO02(1.0),A,TOTAL,TOTAL,RENT,RO,2010,2.4,
ESTAT:ILC_LVHO02(1.0),A,TOTAL,TOTAL,RENT,RO,2011,3.6,
ESTAT:ILC_LVHO02(1.0),A,TOTAL,TOTAL,RENT,RO,2012,3.7,
ESTAT:ILC_LVHO02(1.0),A,TOTAL,TOTAL,RENT,RO,2013,4.4,
ESTAT:ILC_LVHO02(1.0),A,TOTAL,TOTAL,RENT,RO,2014,3.8,
ESTAT:ILC_LVHO02(1.0),A,TOTAL,TOTAL,RENT,RO,2015,3.6,
ESTAT:ILC_LVHO02(1.0),A,TOTAL,TOTAL,RENT,RO,2016,4.0,
ESTAT:ILC_LVHO02(1.0),A,TOTAL,TOTAL,RENT,RO,2017,3.2,
ESTAT:ILC_LVHO02(1.0),A,TOTAL,TOTAL,RENT,RO,2018,3.6,
ESTAT:ILC_LVHO02(1.0),A,TOTAL,TOTAL,RENT,RO,2019,4.2,
ESTAT:ILC_LVHO02(1.0),A,TOTAL,TOTAL,RENT,SE,2010,32.7,
ESTAT:ILC_LVHO02(1.0),A,TOTAL,TOTAL,RENT,SE,2011,34.3,
ESTAT:ILC_LVHO02(1.0),A,TOTAL,TOTAL,RENT,SE,2012,33.9,
ESTAT:ILC_LVHO02(1.0),A,TOTAL,TOTAL,RENT,SE,2013,33.7,
ESTAT:ILC_LVHO02(1.0),A,TOTAL,TOTAL,RENT,SE,2014,34.4,
ESTAT:ILC_LVHO02(1.0),A,TOTAL,TOTAL,RENT,SE,2015,33.8,
ESTAT:ILC_LVHO02(1.0),A,TOTAL,TOTAL,RENT,SE,2016,34.8,
ESTAT:ILC_LVHO02(1.0),A,TOTAL,TOTAL,RENT,SE,2017,34.8,
ESTAT:ILC_LVHO02(1.0),A,TOTAL,TOTAL,RENT,SE,2018,35.9,
ESTAT:ILC_LVHO02(1.0),A,TOTAL,TOTAL,RENT,SE,2019,36.4,
ESTAT:ILC_LVHO02(1.0),A,TOTAL,TOTAL,RENT,SI,2010,21.9,
ESTAT:ILC_LVHO02(1.0),A,TOTAL,TOTAL,RENT,SI,2011,22.5,
ESTAT:ILC_LVHO02(1.0),A,TOTAL,TOTAL,RENT,SI,2012,23.8,
ESTAT:ILC_LVHO02(1.0),A,TOTAL,TOTAL,RENT,SI,2013,23.4,
ESTAT:ILC_LVHO02(1.0),A,TOTAL,TOTAL,RENT,SI,2014,23.3,
ESTAT:ILC_LVHO02(1.0),A,TOTAL,TOTAL,RENT,SI,2015,23.8,
ESTAT:ILC_LVHO02(1.0),A,TOTAL,TOTAL,RENT,SI,2016,24.9,
ESTAT:ILC_LVHO02(1.0),A,TOTAL,TOTAL,RENT,SI,2017,24.4,
ESTAT:ILC_LVHO02(1.0),A,TOTAL,TOTAL,RENT,SI,2018,24.9,
ESTAT:ILC_LVHO02(1.0),A,TOTAL,TOTAL,RENT,SI,2019,25.2,
ESTAT:ILC_LVHO02(1.0),A,TOTAL,TOTAL,RENT,SK,2010,10.0,
ESTAT:ILC_LVHO02(1.0),A,TOTAL,TOTAL,RENT,SK,2011,9.8,
ESTAT:ILC_LVHO02(1.0),A,TOTAL,TOTAL,RENT,SK,2012,9.6,
ESTAT:ILC_LVHO02(1.0),A,TOTAL,TOTAL,RENT,SK,2013,9.5,
ESTAT:ILC_LVHO02(1.0),A,TOTAL,TOTAL,RENT,SK,2014,9.7,
ESTAT:ILC_LVHO02(1.0),A,TOTAL,TOTAL,RENT,SK,2015,10.7,
ESTAT:ILC_LVHO02(1.0),A,TOTAL,TOTAL,RENT,SK,2016,10.5,
ESTAT:ILC_LVHO02(1.0),A,TOTAL,TOTAL,RENT,SK,2017,9.9,
ESTAT:ILC_LVHO02(1.0),A,TOTAL,TOTAL,RENT,SK,2018,8.7,
ESTAT:ILC_LVHO02(1.0),A,TOTAL,TOTAL,RENT,SK,2019,9.1,
ESTAT:ILC_LVHO02(1.0),A,TOTAL,TOTAL,RENT,UK,2010,30.0,
ESTAT:ILC_LVHO02(1.0),A,TOTAL,TOTAL,RENT,UK,2011,32.1,
ESTAT:ILC_LVHO02(1.0),A,TOTAL,TOTAL,RENT,UK,2012,33.3,b
ESTAT:ILC_LVHO02(1.0),A,TOTAL,TOTAL,RENT,UK,2013,35.4,
ESTAT:ILC_LVHO02(1.0),A,TOTAL,TOTAL,RENT,UK,2014,35.6,
ESTAT:ILC_LVHO02(1.0),A,TOTAL,TOTAL,RENT,UK,2015,36.5,
ESTAT:ILC_LVHO02(1.0),A,TOTAL,TOTAL,RENT,UK,2016,36.6,
ESTAT:ILC_LVHO02(1.0),A,TOTAL,TOTAL,RENT,UK,2017,35.0,b
ESTAT:ILC_LVHO02(1.0),A,TOTAL,TOTAL,RENT,UK,2018,34.8,
